message,intention,equipe
I am still waiting on my card?,card_arrival,carte
Can I track my card while it is in the process of delivery?,card_arrival,carte
Does the package with my card have tracking?,card_arrival,carte
Why has my new card still not come?,card_arrival,carte
Can you track my card for me?,card_arrival,carte
It's been a week since I ordered my card and it's not here. Please help?,card_arrival,carte
Will I be able to track the card that was sent to me?,card_arrival,carte
How do I know when my new card is going to arrive?,card_arrival,carte
It's been a week since you issued me a card and I still didn't get it. Should I keep waiting?,card_arrival,carte
"On the card that is coming, what's the tracking info?",card_arrival,carte
My card isn't here yet.,card_arrival,carte
How do I track the card you sent me?,card_arrival,carte
When will I recieve my new card?,card_arrival,carte
When will I get my new card?,card_arrival,carte
What is the expected delivery date for my card?,card_arrival,carte
Is there a tracking number for the card you sent me?,card_arrival,carte
I would like to track the card you sent to me.,card_arrival,carte
My new card hasn't came in.,card_arrival,carte
Where is the card I ordered 2 weeks ago?,card_arrival,carte
Can I get an update on my replacement card?,card_arrival,carte
How long does it take for a new card to ship?,card_arrival,carte
What's the tracking on the card you sent?,card_arrival,carte
My card still hasn't been delivered,card_arrival,carte
Where is my credit card that was to be mailed?,card_arrival,carte
Can you tell me why I haven't received my new card?,card_arrival,carte
I'm still waiting for my new card.,card_arrival,carte
Is my card lost? I am still waiting for it to be delivered.,card_arrival,carte
Should I keep waiting for my card to be delivered?,card_arrival,carte
Can I track when my card will be delivered?,card_arrival,carte
"A card has been sent to me, how do I track it?",card_arrival,carte
Is there a way I can get my card expedited?,card_arrival,carte
How long does it take for me to get my new card?,card_arrival,carte
I don't have my card after 1 week. What are my next steps?,card_arrival,carte
I know I'm getting a new card but would like know when I can expect to receive it.,card_arrival,carte
I want to find out what happened to my new card?,card_arrival,carte
I am still waiting for my card.,card_arrival,carte
Can I track the card you sent to me?,card_arrival,carte
How long should it take for my new card to arrive in them mail? What should I do if I never receive it?,card_arrival,carte
Will I have to wait much longer for my new card to arrive?,card_arrival,carte
2 weeks ago I ordered my new card.  It isn't here.  What should I do?,card_arrival,carte
How can I check on the delivery status of my card?,card_arrival,carte
"My card has not been delivered yet and its been a week since I ordered it, please help",card_arrival,carte
"My card was supposed to arrive, but hasn't?",card_arrival,carte
How long will it take for me to get my card?,card_arrival,carte
My card hasn't shown up yet.,card_arrival,carte
maximum how many days get the courier?,card_arrival,carte
Is there a reason my new card hasn't arrived yet?,card_arrival,carte
"I've been waiting a while for my card, is there a way to know when it will arrive?",card_arrival,carte
"If I ordered my new card last week, how much longer should I wait to receive it?",card_arrival,carte
Where is my card?,card_arrival,carte
Can you tell me why I haven't received my new card yet?,card_arrival,carte
Is there a way to track the new card you sent me?,card_arrival,carte
I'm still waiting for my card.,card_arrival,carte
What do I need to do to get my new card which I have requested 2 weeks ago?,card_arrival,carte
WHAT IS THE SOLUTION OF THIS PROBLEM,card_arrival,carte
Can you help me track my card?,card_arrival,carte
Shouldn't my new card be here by now?,card_arrival,carte
Is there a tracking number for the card?,card_arrival,carte
can you share card tracking number?,card_arrival,carte
"I have not received my card and it's been a week, what do I do?",card_arrival,carte
Is there a way I can check on the card on route to me?,card_arrival,carte
When will my new card arrive?,card_arrival,carte
Why haven't I received my new card yet?,card_arrival,carte
My card hasn't came in the mail yet?,card_arrival,carte
I haven't received my card.,card_arrival,carte
Is it possible for me to track the card is was mailed to me?,card_arrival,carte
I was issued a card about a week ago. why hasn't it come in yet?,card_arrival,carte
Can you please tell me where my card is? I ordered it 2 weeks ago!,card_arrival,carte
Could you send me and up date on the arrival of my card?,card_arrival,carte
How long does it take to recieve my new card?,card_arrival,carte
What's the card you sent me's tracking number?,card_arrival,carte
i havent got my card,card_arrival,carte
I thought I would have received my new card at this point.,card_arrival,carte
Is it possible to track the card you sent me?,card_arrival,carte
How long will it be to get this new card?,card_arrival,carte
Can the card was sen to me be tracked?,card_arrival,carte
why have i not got my new card?,card_arrival,carte
I was expecting my new card by now.,card_arrival,carte
My new card isn't here and it was issued a week ago.,card_arrival,carte
"I was supposed to receive my new card by now, but it hasn't came in.",card_arrival,carte
Is a tracking number available for the card that was just sent?,card_arrival,carte
My card hasn't arrived yet. What do I do?,card_arrival,carte
My card appears to have never arrived?,card_arrival,carte
I just got my card.  It's not linked yet--how do I do that?,card_linking,carte
"lost card found, want to put it back in app",card_linking,carte
I found my old card. Can I link it back into the app?,card_linking,carte
I finally got my card.  Now I want to link it.  Is that something you have to do or can I do that?,card_linking,carte
How do I link one of your card that I already have?,card_linking,carte
If I have a physical card can I link it?,card_linking,carte
I found my lost card in my jacket pocket this morning so I'd like to reactivate it please.,card_linking,carte
Can I add a card that I just found (again) to the app?,card_linking,carte
How can I make my card show up in the app?,card_linking,carte
I would like to reactivate a card and wondered if that could be done?,card_linking,carte
"I got my card now, how do I make it show up in the app?",card_linking,carte
How do I link an existing card?,card_linking,carte
How do I link a new card in the app?,card_linking,carte
"The card I thought was lost was just in my jacket, so can I reactivate it since I found it this morning?",card_linking,carte
I already have a card and want to link it,card_linking,carte
Where do I go to add a new card?,card_linking,carte
I want my card I just received to show up in the app. How do I do that?,card_linking,carte
"I received my card, how do I get it to show in the app?",card_linking,carte
"I want to reactivate my card, I thought I had lost it but found it again this morning.",card_linking,carte
Will I need a new card or can I put my old card back into the app?,card_linking,carte
How do I add a new card?,card_linking,carte
"I want to reactivate my card, I found it after thinking it was lost.",card_linking,carte
"Now that I have my card, how do I connect it to the app?",card_linking,carte
How do I add the card I just received to show up in the app?,card_linking,carte
"I want to reactivate my card, I thought I had lost it but I found it.",card_linking,carte
What do I need to do to link my new card for my account?,card_linking,carte
Can I add a card to back into the app?,card_linking,carte
What is the process to link the new card?,card_linking,carte
"I have found my lost or stolen card, would I still have to activate the new card that was sent to me through the mail in order to access my account?",card_linking,carte
Where can I link a new card?,card_linking,carte
How do I add a card on to the app?,card_linking,carte
"I've obtained the card, how do I enable it on the app?",card_linking,carte
I need to find the card I received in the app.,card_linking,carte
How do I get my card on the app?,card_linking,carte
"In the app, how can I make it show the new card that arrived?",card_linking,carte
I would like to link my card to my account.,card_linking,carte
"I thought I lost my card so I cancelled it, but recently I found it in my jacket and I would like to re-establish the card.",card_linking,carte
How can I link the new card?,card_linking,carte
I got a new card and can't find where to link it.,card_linking,carte
"Hey, I have my card, how do I get it to show in the app?",card_linking,carte
Where do I scan my card?,card_linking,carte
How do I add my new card to the app?,card_linking,carte
Can I add a card back to the app?,card_linking,carte
"I recently reported my card as missing/lost, and I just found it. Can I still use it?",card_linking,carte
If my card was lost or stolen can I re-link it?,card_linking,carte
How do I link a new payment card?,card_linking,carte
I would like to reactivate my card that I previously reported lost. I located the card this morning.,card_linking,carte
What do I do to link my new card?,card_linking,carte
Is it possible to link a new card?,card_linking,carte
"I found my card that I thought I had lost, I need to reactive it, please help.",card_linking,carte
"My card arrived but I need to make it work in the app, how do I do that?",card_linking,carte
I found my card again. Can I put it back into the app?,card_linking,carte
How do I get my card into the app?,card_linking,carte
How do I reactivate my card?,card_linking,carte
"I thought I lost my card but I found it today, so I would like to reactivate it.",card_linking,carte
How do I link the new card that I just got from you guys?,card_linking,carte
How do I make my card appear on the app?,card_linking,carte
How do I link the new card?,card_linking,carte
Where in the app do I link a new card?,card_linking,carte
I received my new card.  Where is it in the app?,card_linking,carte
"The card I thought I lost was in my jacket pocket this morning, so can I reactivate that?",card_linking,carte
"I received my card, how do I get it to work in the app?",card_linking,carte
What do I do if I already had a card with you guys?,card_linking,carte
if i found a lost card can i put it back in app,card_linking,carte
"My new card isn't in my app, how do I get it in there?",card_linking,carte
Help me access the card I already got so I can information from it.,card_linking,carte
What is my money worth in other countries?,exchange_rate,paiement
Will my money be of equal value when I travel abroad?,exchange_rate,paiement
What foreign exchange rate will I get on weekdays and on the weekends?,exchange_rate,paiement
What is the exchange looking like?,exchange_rate,paiement
How is the exchange rate doing?,exchange_rate,paiement
"If I need to cash foreign transfers, how does that work?",exchange_rate,paiement
What are you exchange rates?,exchange_rate,paiement
Do you have the best exchange rate?,exchange_rate,paiement
What's the process for exchanges?,exchange_rate,paiement
How are exchange rates calculated at this bank?,exchange_rate,paiement
What do you use to figure out the exchange rate for the card?,exchange_rate,paiement
What's the foreign exchange rate I will receive?,exchange_rate,paiement
What are the current exchange rates?,exchange_rate,paiement
What exchange rate will I receive?,exchange_rate,paiement
What is the basis of your exchange rates?,exchange_rate,paiement
How do you determine your exchange rates?,exchange_rate,paiement
How do the foreign exchange rates work?,exchange_rate,paiement
Where are you getting your exchange rates from?,exchange_rate,paiement
How is the exchange rate calculated?,exchange_rate,paiement
I'm interested in what your exchange rates are based on.,exchange_rate,paiement
How do you decide what the exchange rates are?,exchange_rate,paiement
What is the current exchange rate?,exchange_rate,paiement
What is the formula for your exchange rate?,exchange_rate,paiement
What method do you use for the exchange rate?,exchange_rate,paiement
What are Interbanks current exchange rates?,exchange_rate,paiement
from where are coming your exchange rates?,exchange_rate,paiement
Why is your exchange rate different on different days?,exchange_rate,paiement
Where can I get your exchange rates from?,exchange_rate,paiement
How do you find the exchange rate?,exchange_rate,paiement
How are exchange rates determined?,exchange_rate,paiement
What value can I get for my currency?,exchange_rate,paiement
What are your exchange rates calculated from?,exchange_rate,paiement
What is your opinion on the exchange rate?,exchange_rate,paiement
"When exchanging, how much are the rates?",exchange_rate,paiement
How can I find your exchange rates?,exchange_rate,paiement
Could you please tell me your exchange rates?,exchange_rate,paiement
How does the exchange rate work?,exchange_rate,paiement
What is the present state of the exchange rate?,exchange_rate,paiement
How are foreign exchange rates determined?,exchange_rate,paiement
Please explain the exchange rates.,exchange_rate,paiement
What is the foreign exchange rate you will apply?,exchange_rate,paiement
What factors effect the exchange rate?,exchange_rate,paiement
How do I know what the exchange rate will be when I make an exchange.,exchange_rate,paiement
Is the exchange rate the same on weekends as the weekdays?,exchange_rate,paiement
What factors determine your exchange rate?,exchange_rate,paiement
How are the exchange rates determined?,exchange_rate,paiement
I would like to know what your exchange rates are.,exchange_rate,paiement
What are the exchange rates?,exchange_rate,paiement
How much are the rates of exchange?,exchange_rate,paiement
Your exchange rates are coming from where?,exchange_rate,paiement
Is there a specific source that the exchange rate for the transfer I'm planning on making is pulled from?,exchange_rate,paiement
How are the exchange rates for transfers calculated?,exchange_rate,paiement
How do I know how much money I will have when I travel abroad?,exchange_rate,paiement
Can you tell me your exchange rates?,exchange_rate,paiement
Does this app have the same exchange rate as third parties?,exchange_rate,paiement
what are your exchange rates at?,exchange_rate,paiement
Tell me your opinion on the exchange rate.,exchange_rate,paiement
I'd like to know what you guys look at to decide an exchange rate,exchange_rate,paiement
I want to know your exchange rates.,exchange_rate,paiement
i need to know about exchange rates,exchange_rate,paiement
Where do you get those exchange rates?,exchange_rate,paiement
How do you determine the exchange rate?,exchange_rate,paiement
What foreign exchange rate will I get?,exchange_rate,paiement
Can you please explain why the exchange rate for the item I bought is wrong?,card_payment_wrong_exchange_rate,paiement
I think something went wrong with my exchange between Russian Ruble and UK pounds. I was overcharged during the swap.,card_payment_wrong_exchange_rate,paiement
My payment has an incorrect exchange rate.,card_payment_wrong_exchange_rate,paiement
my exchange rate looks wrong for my last payment,card_payment_wrong_exchange_rate,paiement
the exchange rate on my payment was wrong,card_payment_wrong_exchange_rate,paiement
Why is the exchange rate terrible?  That can't be close to the actual interbank rate.,card_payment_wrong_exchange_rate,paiement
An incorrect exchange rate was applied to an item I bought.,card_payment_wrong_exchange_rate,paiement
The exchange rate on my payment doesn't look right,card_payment_wrong_exchange_rate,paiement
This exchange rate you use is awful! Please tell me this is a mistake and not the official interbank exchange rate!,card_payment_wrong_exchange_rate,paiement
After purchasing an item I noticed the exchange rate was incorrect.,card_payment_wrong_exchange_rate,paiement
The amount of exchange was not correct for the item i bought.,card_payment_wrong_exchange_rate,paiement
Why was the exchange rate so wrong when I bought something!,card_payment_wrong_exchange_rate,paiement
My exchange rate was wrong for an Item I bought!,card_payment_wrong_exchange_rate,paiement
I was using a foreign currecy to make a payment and the applied the wrong rate.,card_payment_wrong_exchange_rate,paiement
The exchange rate was incorrect for this item I bought.,card_payment_wrong_exchange_rate,paiement
I purchased something overseas and the incorrect exchange rate was applied.,card_payment_wrong_exchange_rate,paiement
The exchange rate is incorrect for my payment.,card_payment_wrong_exchange_rate,paiement
I'm on holiday and I noticed a different amount for exchange rate.  Can you explain?,card_payment_wrong_exchange_rate,paiement
I bought something in another country but the exchange rate is wrong,card_payment_wrong_exchange_rate,paiement
I bought an item and the exchange rate was wrong.,card_payment_wrong_exchange_rate,paiement
Exchange rate for my card payment is wrong,card_payment_wrong_exchange_rate,paiement
There was a problem with the exchange rate on a purchase.,card_payment_wrong_exchange_rate,paiement
"I recently purchased something, and the exchange rate was wrong.",card_payment_wrong_exchange_rate,paiement
What if there is an error on the exchange rate?,card_payment_wrong_exchange_rate,paiement
Why is my exchange rate wrong?,card_payment_wrong_exchange_rate,paiement
This exchange rate on my purchase is wrong.,card_payment_wrong_exchange_rate,paiement
The exchange rate looks wrong on a holiday purchase,card_payment_wrong_exchange_rate,paiement
I bought something and I take issue with the exchange rate applied.,card_payment_wrong_exchange_rate,paiement
You did not give me the correct exchange rate for an item that I bought.,card_payment_wrong_exchange_rate,paiement
I checked on google and the exchange rate you are using is really bad. Can you update it?,card_payment_wrong_exchange_rate,paiement
"In regards to my card payment, the exchange rate is incorrect.",card_payment_wrong_exchange_rate,paiement
I bough an item and the exchange rate was incorrect.,card_payment_wrong_exchange_rate,paiement
I question today's exchange rate for rubles into pounds. I was hoping for a better return.,card_payment_wrong_exchange_rate,paiement
My currency rate is inaccurate.,card_payment_wrong_exchange_rate,paiement
I was charged the wrong exchange rate on a purchase,card_payment_wrong_exchange_rate,paiement
Can you change the rate for the item I bought in a different currency as it is wrong?,card_payment_wrong_exchange_rate,paiement
The currency exchange for my purchase in foreign currency is incorrect.,card_payment_wrong_exchange_rate,paiement
My foreign currency exchange has been applied incorrectly.,card_payment_wrong_exchange_rate,paiement
I noticed that the exchange rate applied to a recent purchase I made abroad was incorrect.,card_payment_wrong_exchange_rate,paiement
"I purchased something while traveling, and the exchange rate applied was wrong.",card_payment_wrong_exchange_rate,paiement
Why is the exchange rate different on my recent purchase?,card_payment_wrong_exchange_rate,paiement
I wasn't charged the correct exchange rate for an item I purchased.,card_payment_wrong_exchange_rate,paiement
Does the fee for exchange change?,card_payment_wrong_exchange_rate,paiement
The rate applied to my purchase in a foreign currency was wrong.,card_payment_wrong_exchange_rate,paiement
"I bought something while traveling, and the exchange rate was wrong.",card_payment_wrong_exchange_rate,paiement
Seems like the exchange rate for my payment last Saturday was wrong. I was charged extra.,card_payment_wrong_exchange_rate,paiement
It seems that something went wrong with my exchange. I changed Russian Ruble into UK pounds but have been charged entirely too much!,card_payment_wrong_exchange_rate,paiement
I bought an item then noticed the exchange rate was wrong.,card_payment_wrong_exchange_rate,paiement
The exchange rate applied is wrong for my international purchase.,card_payment_wrong_exchange_rate,paiement
My card payment had the wrong exchange rate,card_payment_wrong_exchange_rate,paiement
It seems that the rate I got is incorrect.,card_payment_wrong_exchange_rate,paiement
Was I charged more than I should of been for a currency exchange?,card_payment_wrong_exchange_rate,paiement
What do i do if the exchange rate was wrong for the item i bought overseas?,card_payment_wrong_exchange_rate,paiement
My client was converting their Russian ruble into UK pound currency when they noticed their bill was much too high for the exchange. What happened?,card_payment_wrong_exchange_rate,paiement
The exchange rate was not correct for the item I bought.,card_payment_wrong_exchange_rate,paiement
The correct exchange rate wasn't given to me for an item I purchased.,card_payment_wrong_exchange_rate,paiement
"I bought something in another currency, but the exchange rate was incorrect.",card_payment_wrong_exchange_rate,paiement
the exchange rate is wrong from something I got in another country,card_payment_wrong_exchange_rate,paiement
"The exchange rate given to me after a purchase, was incorrect",card_payment_wrong_exchange_rate,paiement
Why is the exchange rate different from what I expected?,card_payment_wrong_exchange_rate,paiement
The exchange rate you are using is really bad.This can't be the official interbank exchange rate.,card_payment_wrong_exchange_rate,paiement
Why was I charged extra on my last UK pound to Russian ruble exchange?,card_payment_wrong_exchange_rate,paiement
Why was the wrong rate applied when I bought something in a different currency?,card_payment_wrong_exchange_rate,paiement
I bought something abroad and the exchange rate applied is wrong,card_payment_wrong_exchange_rate,paiement
An item I bought had the wrong exchange rate applied.,card_payment_wrong_exchange_rate,paiement
Why was my exchange rate a different amount than usual?,card_payment_wrong_exchange_rate,paiement
I want to change the wrong exchange rate.,card_payment_wrong_exchange_rate,paiement
I recently bought something abroad but the exchange rate is incorrect. Why?,card_payment_wrong_exchange_rate,paiement
I did not receive the correct amount for the exchange rate.,card_payment_wrong_exchange_rate,paiement
I believe you charged me too much to exchange my money,card_payment_wrong_exchange_rate,paiement
I made a purchase and was charged at the wrong foreign exchange rate.,card_payment_wrong_exchange_rate,paiement
Your foreign exchange rate is wrong.,card_payment_wrong_exchange_rate,paiement
It looks like the exchange rates on my card payment are wrong,card_payment_wrong_exchange_rate,paiement
I bought an item at the wrong exchange rate.,card_payment_wrong_exchange_rate,paiement
I bought an item that I was charged a different exchange rate for.,card_payment_wrong_exchange_rate,paiement
I am not receiving the correct exchange rate on my card.,card_payment_wrong_exchange_rate,paiement
When I purchased a product in another country the currency exchange was incorrect.,card_payment_wrong_exchange_rate,paiement
The exchange rate used on your app is really bad. I'm considering closing my account because of it.,card_payment_wrong_exchange_rate,paiement
Are you ripping people off with the exchange rate?  It can't be that atrocious between banks.,card_payment_wrong_exchange_rate,paiement
Why am I being charged the wrong currency exchange when I purchased something abroad?,card_payment_wrong_exchange_rate,paiement
I didn't receive the correct exchange rate for an item that I bought.,card_payment_wrong_exchange_rate,paiement
Why is the exchange rate on my card wrong?,card_payment_wrong_exchange_rate,paiement
The exchange rate is incorrect for something I bought,card_payment_wrong_exchange_rate,paiement
My payment had a wrong exchange rate.,card_payment_wrong_exchange_rate,paiement
The exchange rate for my electronic payment is incorrect.,card_payment_wrong_exchange_rate,paiement
Why was I charged a higher exchange rate when I bought something abroad?,card_payment_wrong_exchange_rate,paiement
Why didn't I receive the correct exchange rate for an item that I purchased?,card_payment_wrong_exchange_rate,paiement
My rate of exchange was wrong.,card_payment_wrong_exchange_rate,paiement
I recently bought something in foreign currency and I am unsure of the exchange rate. Is this rate applied correctly?,card_payment_wrong_exchange_rate,paiement
I purchased something abroad but the exchange rate is incorrect.,card_payment_wrong_exchange_rate,paiement
There's an error in regards to the exchange rate for an item I bought.,card_payment_wrong_exchange_rate,paiement
I purchased an item and the exchange rate was wrong,card_payment_wrong_exchange_rate,paiement
"I'm going on a trip soon and I needed to convert my Russian ruble to UK pounds, but when I did, your company charged me above the exchange rate. Did you mess up my transaction?",card_payment_wrong_exchange_rate,paiement
I was charged extra. Was the exchange rate for my payment last Saturday wrong?,card_payment_wrong_exchange_rate,paiement
The exchange rate that was applied for an international purchase was wrong.,card_payment_wrong_exchange_rate,paiement
Why am I being charged more on exchange with things I bought abroad?,card_payment_wrong_exchange_rate,paiement
"I  have been charged more than I should for the presents I bought  when abroad, the problem seems to be the exchange rate.",card_payment_wrong_exchange_rate,paiement
Why is there a 1 euro fee on my statement?,extra_charge_on_statement,frais
What is the $1 transaction on my account?,extra_charge_on_statement,frais
What is this extra pound charge for?,extra_charge_on_statement,frais
What is the reason for the extra fee on my statement?,extra_charge_on_statement,frais
"I have a strange transaction for £1 on my statement, what is that?",extra_charge_on_statement,frais
I have been charged a pound for something that appears on my statement,extra_charge_on_statement,frais
Why is there a $1 charge on my statement?,extra_charge_on_statement,frais
Where did this extra €1 fee on my statement come from?,extra_charge_on_statement,frais
Can you tell me what this fee is on my statement?,extra_charge_on_statement,frais
Why has another fee been placed on my statement?,extra_charge_on_statement,frais
There has been a charge pending on my account statement that I can't figue out it's for a dollar.,extra_charge_on_statement,frais
€1 was in my statement as an extra fee.,extra_charge_on_statement,frais
Why is there an extra charge on my statement.,extra_charge_on_statement,frais
I see a $1 charge in a transaction.,extra_charge_on_statement,frais
I checked my account today and saw that I was charged an extra pound that I did not spend.,extra_charge_on_statement,frais
What is the extra €1 on my statement for?,extra_charge_on_statement,frais
$1 charge in transaction.,extra_charge_on_statement,frais
Why is there an extra pound charge that is pending?,extra_charge_on_statement,frais
I was wrongfully charged one pound.,extra_charge_on_statement,frais
Why is there an extra fee charged?,extra_charge_on_statement,frais
Is the 1 pound charge I can see an error or an incorrect entry?,extra_charge_on_statement,frais
Why was I charged $1 in a transaction?,extra_charge_on_statement,frais
I am seeing and extra 1$ charged to my account and wanted to know about it.,extra_charge_on_statement,frais
Why did you charge me extra?,extra_charge_on_statement,frais
An extra pound was charged!,extra_charge_on_statement,frais
Why do I see an extra fee on my statement?,extra_charge_on_statement,frais
"There must have been a mistake, why was I charged an extra pound?",extra_charge_on_statement,frais
"When I look at my statement there is an extra fee, that is for what?",extra_charge_on_statement,frais
There is an extra small charge on my card! What do I do?,extra_charge_on_statement,frais
"I looked at my statement, and there is a charge for 1£ that I don't recognize.  Why is it on there?",extra_charge_on_statement,frais
I got a €1 extra fee in my statement,extra_charge_on_statement,frais
What is the extra fee on my statement?,extra_charge_on_statement,frais
Why have I been charged an extra £1?,extra_charge_on_statement,frais
I was overcharged one extra pound!,extra_charge_on_statement,frais
Why has my card been charged an extra pound?,extra_charge_on_statement,frais
I was made to pay an additional pound!,extra_charge_on_statement,frais
I was charged an extra pound for no reason. Why is that?,extra_charge_on_statement,frais
It appears I have a fee in my statement.,extra_charge_on_statement,frais
I was overcharged a pound.,extra_charge_on_statement,frais
Why do i have an extra fee on my statement?,extra_charge_on_statement,frais
What am I being charged an extra pound when I haven't bought something worth that much?,extra_charge_on_statement,frais
why was i charged a small amount,extra_charge_on_statement,frais
Do you also have this extra fee on your statement?,extra_charge_on_statement,frais
Why did I get charged one pound seemingly randomly?,extra_charge_on_statement,frais
I am being charged a pound out of nowhere. What is this?,extra_charge_on_statement,frais
"Hello, there seems to be a billing mistake associated with my account.  My app was charged $1 more than it should have.  Could you please explain why this may have happened?",extra_charge_on_statement,frais
I need some help figuring out what this strange payment is on my account. It's stays pending and won't go away.,extra_charge_on_statement,frais
What is this $1 charge on my account?,extra_charge_on_statement,frais
"There seems to be an additional charge of £1 on my statement, what is the reason for this?",extra_charge_on_statement,frais
There is some odd 1£ charge that appears as pending on my statement. What's that about? Pretty sure I haven't purchased anything for a pound there.,extra_charge_on_statement,frais
There is a pending payment on my account that is very strange. I don't remember making this and it won't go away. Can you help me figure this out?,extra_charge_on_statement,frais
why does my statement contain an extra fee?,extra_charge_on_statement,frais
Can you tell me why I was charged $1 for a transaction?,extra_charge_on_statement,frais
Why is there an extra €1 fee in my statement?,extra_charge_on_statement,frais
"There is an extra charge on my account I didn't authorise, it's just £1, what is it?",extra_charge_on_statement,frais
Can you please explain to me why there is an extra €1 fee in my statement?,extra_charge_on_statement,frais
"There is an unexplained $1 charge on my statement, can you please explain this to me?",extra_charge_on_statement,frais
How can I find out about an extra fee on my statement?,extra_charge_on_statement,frais
"Hello, I see that I have been charged an extra $1 on my app.  Could you please provide me with a reason for this charge?",extra_charge_on_statement,frais
I checked my statement and am being charged one pound. Where did this charge come from?,extra_charge_on_statement,frais
I wanted to know about a pending dollar that is on my statement.,extra_charge_on_statement,frais
"I'm pretty frustrated about a pound charge that keeps  showing up in my account statement. It's listed in the app as ""pending"", it never changes, and now I'm thinking someone's hacked my account!",extra_charge_on_statement,frais
I was charged an extra pound.,extra_charge_on_statement,frais
How come there is an extra fee on my statement?,extra_charge_on_statement,frais
Why is there an extra charge of 1 dollar on my statement?,extra_charge_on_statement,frais
Why was I charged extra on my app?,extra_charge_on_statement,frais
Why was my account assessed a fee?,extra_charge_on_statement,frais
There is an extra 1£ charge on my app. Why did you charge me extra?,extra_charge_on_statement,frais
The $1.00 has still not been reverted as indicated in the previous email.,extra_charge_on_statement,frais
My statement shows and extra 1$ that was charged to it and I would like to know why.,extra_charge_on_statement,frais
"There is an extra $1 charge on my statement, why is that?",extra_charge_on_statement,frais
Is the 1 pound charge going to be reimbursed on my card?,extra_charge_on_statement,frais
I  see an extra 1£ charge on my app. Why did It charge me extra?,extra_charge_on_statement,frais
Why is there a fee added to my statement?,extra_charge_on_statement,frais
There is a charge for 1£ on my statement.  I do not think that I bought anything that costed 1£.  What is going on?,extra_charge_on_statement,frais
Why is there an additional fee showing on the statement I received?,extra_charge_on_statement,frais
Where did the  €1 fee in my statement come from,extra_charge_on_statement,frais
What is this random charge of one pound doing on my account?,extra_charge_on_statement,frais
My statement is showing an extra £1 charge and I am unsure why. Is there an explanation for this?,extra_charge_on_statement,frais
Do I have a $1 extra fee on the statement?,extra_charge_on_statement,frais
How long will the $1 charge show as pending?,extra_charge_on_statement,frais
I was overcharged an additional pound.,extra_charge_on_statement,frais
I've been charged an extra £1 and I don't know why,extra_charge_on_statement,frais
My statement is showing I was Charged a dollar and I am not sure why.,extra_charge_on_statement,frais
Why is there a €1 charge on my statement?,extra_charge_on_statement,frais
An extra fee of €1 was in my statement,extra_charge_on_statement,frais
I would like to know why a withdraw I made for some cash shows up as pending.,pending_cash_withdrawal,retrait
Why is my cash withdrawal still showing as pending?,pending_cash_withdrawal,retrait
I tried to get cash out of the ATM but it is taking too long,pending_cash_withdrawal,retrait
What does it mean if my cash withdrawal does not show up properly?,pending_cash_withdrawal,retrait
"Hello, I have a pending transaction in my account due to an ATM machine that wasn't working. In any case if the transaction goes through, after how long can I get my money back?",pending_cash_withdrawal,retrait
Why is my ATM withdrawal still pending?,pending_cash_withdrawal,retrait
Is the cash withdrawal going to show?,pending_cash_withdrawal,retrait
"Cash withdrawal has been pending, why is it so?",pending_cash_withdrawal,retrait
My account shows up as pending after I received cash from the ATM earlier.  How can this be still pending? I've got the cash already.,pending_cash_withdrawal,retrait
How long does it take to verify a cash withdraw?,pending_cash_withdrawal,retrait
"The transaction for the cash I pulled out of the ATM earlier is pending in the app, but how if I already have the cash?",pending_cash_withdrawal,retrait
Why has my withdrawal not posted?,pending_cash_withdrawal,retrait
"When I used one of the ATMs in the city centre today, I tried to take out some money, but for whatever reason, the machine declined my card. Just checked it out in my account and that amount is still showing as pending! Is there any way that you can cancel this transaction, because I did not receive any money whatsoever from the ATM",pending_cash_withdrawal,retrait
Why is the cash withdraw I made shown as pending?,pending_cash_withdrawal,retrait
"Hello. I looked at my account and see that a transaction I tried to do is pending, but I did not complete that transaction. When I was at the ATM, the machine declined my card. Can you make sure that transaction does not go through because I definitely did not receive the money.",pending_cash_withdrawal,retrait
Should my cash withdrawal still be pending?,pending_cash_withdrawal,retrait
"Hey, I tried to withdraw some cash earlier and it's saying it's pending? Will I be charged for this?",pending_cash_withdrawal,retrait
There should be a cash withdrawal that I haven't seen yet.,pending_cash_withdrawal,retrait
Why is the app showing a still pending message on a withdraw that has already been done?,pending_cash_withdrawal,retrait
Why is my cash withdrawal still pending?,pending_cash_withdrawal,retrait
"If my cash withdrawal is still not showing, is something wrong?",pending_cash_withdrawal,retrait
I made a cash withdrawal at an ATM but it still says pending in my account.,pending_cash_withdrawal,retrait
Why hasn't my withdrawal shown on my statement?,pending_cash_withdrawal,retrait
I have withdrawn cash from the ATM but it is showing in my account as a pending transation. Why is this?,pending_cash_withdrawal,retrait
I made a cash withdrawal earlier and it's showing as pending.  What does that mean?,pending_cash_withdrawal,retrait
I tried to withdraw cash at an ATM in the city center but my card was declined. The transaction is still showing up as pending - please cancel it!,pending_cash_withdrawal,retrait
"So much time has gone by, the pending status shouldn't still be there shouldn't it?",pending_cash_withdrawal,retrait
Do you know when the withdrawal will show?,pending_cash_withdrawal,retrait
I have a withdrawal waiting to go through.,pending_cash_withdrawal,retrait
I took out some cash from the ATM but it is still showing the transaction is pending.,pending_cash_withdrawal,retrait
My cash withdrawal isnt showing on my account,pending_cash_withdrawal,retrait
What does pending mean on a cash withdrawal?,pending_cash_withdrawal,retrait
How long does it take for cash withdrawals to hit my account?,pending_cash_withdrawal,retrait
Can you explain to me why a cash withdrawal shows up as pending?,pending_cash_withdrawal,retrait
"I got cash from an ATM earlier but it shows up as pending in the app. How can this still be pending, I already received the cash?",pending_cash_withdrawal,retrait
I made a deposit in the ATM and it has not cleared,pending_cash_withdrawal,retrait
"My account says there are pending funds right now from withdrawing from an ATM, but my card was declined and I never took out any money. When will that money be deposited back into my account?",pending_cash_withdrawal,retrait
How long before I can see that my cash withdrawal has taken place?,pending_cash_withdrawal,retrait
My account says I have money but I withdrew it in cash.,pending_cash_withdrawal,retrait
How do I get my cash withdrawal to show?,pending_cash_withdrawal,retrait
I didn't receive my money earlier and it says the transaction is still in progress. Can you fix it?,pending_cash_withdrawal,retrait
"Hello. I have a transaction in my account listed as pending. I tried to use an ATM at the city centre, but the machine declined my card, and I did not receive the money. Why is the transaction still pending if I did not receive the money.",pending_cash_withdrawal,retrait
How long does it typically take for a pending ATM withdrawal to clear?,pending_cash_withdrawal,retrait
"Hello, I'm having trouble with my card, I don't understand what's happening, I tried using the ATM machine earlier but it wasn't working but seems like the transactions is still in progress, can you cancel it for me?",pending_cash_withdrawal,retrait
What is a pending cash withdrawal?,pending_cash_withdrawal,retrait
When will a cash withdrawal show up?,pending_cash_withdrawal,retrait
"Hi, I tried to withdraw some money from an ATM and the machine was broken.  It says that the transaction is still in progress.  Can you double check to see what's happening? I don't want to be charged since I was not able to withdraw the money.",pending_cash_withdrawal,retrait
My ATM withdrawal is taking forever,pending_cash_withdrawal,retrait
What does it mean when a cash withdrawal is pending?,pending_cash_withdrawal,retrait
how long will my cash withdrawal be pending for?,pending_cash_withdrawal,retrait
Why is my withdrawl to cash still pending?,pending_cash_withdrawal,retrait
There is a pending transaction on my account for when I tried to get money from the ATM earlier and it did not work. Can you fix this?,pending_cash_withdrawal,retrait
How long until I see a cash withdrawal?,pending_cash_withdrawal,retrait
"I tried to get some with-drawls but the machine didn't work. The transaction still seems in progress.Seems like  something is wrong,I don't want to be charged for Transaction i did not make.",pending_cash_withdrawal,retrait
How long will a cash withdrawal be pending?,pending_cash_withdrawal,retrait
Why does a cash withdrawal show as pending?,pending_cash_withdrawal,retrait
Explain pending transactions.,pending_cash_withdrawal,retrait
How is my ATM deposit not available yet?,pending_cash_withdrawal,retrait
"My cash withdrawal is showing as pending, why?",pending_cash_withdrawal,retrait
Can you let me know why my cash withdrawal is still pending?,pending_cash_withdrawal,retrait
I made a cash withdrawal and it is still listed as a pending transaction.,pending_cash_withdrawal,retrait
"I've been waiting for 3 days, why is my withdrawal still pending?",pending_cash_withdrawal,retrait
"I removed cash from an ATM earlier but it shows up as pending in the app. How can this still be pending, I already received the cash?",pending_cash_withdrawal,retrait
How long will my ATM withdrawal be pending?,pending_cash_withdrawal,retrait
"I tried to take out some money from an ATM earlier today and it was declined. Looking on my screen now, I still see that it's pending for that amount. I didn't actually get that money, so I don't want it processed on my account.",pending_cash_withdrawal,retrait
Why is my cash still pending that I put in ATM?,pending_cash_withdrawal,retrait
In my account I noticed my ATM withdrawal is still pending,pending_cash_withdrawal,retrait
"My withdrawal is pending, why?",pending_cash_withdrawal,retrait
Why would a cash withdrawal be pending?,pending_cash_withdrawal,retrait
Why is my withdrawal from the ATM still showing as pending?,pending_cash_withdrawal,retrait
Can you please tell me why my cash withdrawal is still pending?,pending_cash_withdrawal,retrait
"I Withdrew cash from an ATM earlier but it shows up as pending in the app. How can this still be pending, I received the cash already?",pending_cash_withdrawal,retrait
"Hello, I tried to take some cash out of the ATM but I looked at my statement and it still shows that it's pending. Is the machine broken? Will I receive my money back or will I be charged for this?",pending_cash_withdrawal,retrait
I made a cash withdraw and it shows up as pending why is that?,pending_cash_withdrawal,retrait
What should I do if I see a withdrawal is pending?,pending_cash_withdrawal,retrait
"I tempted to get some money out of the machine earlier and it did not work.Looking now, the transaction actually shows to still be in progress. I would certainly appreciate someone look into this and let me know what's going on. I definitely do not want to be charged for money I never received.",pending_cash_withdrawal,retrait
"Hello, I tried to take out some money out of the ATM, but it's still showing that it's pending? I really don't want to be charged for this.",pending_cash_withdrawal,retrait
how long until a cash withdrawal will show on my account,pending_cash_withdrawal,retrait
"I needed cash today, so I used another provider's ATM, and when I attempted to withdraw, it declined. I just checked it out and I'm still showing my account with that amount pending! I didn't take any money out, it was declined, so I don't want that to be processed as a withdrawal.",pending_cash_withdrawal,retrait
why isnt my cash withdrawal showing,pending_cash_withdrawal,retrait
How many different currencies can I hold money in?,fiat_currency_support,paiement
Do you allow currency exchanges?,fiat_currency_support,paiement
Is the EUR accepted for exchanges?,fiat_currency_support,paiement
What currencies can I have?,fiat_currency_support,paiement
Are EUR exchanges allowed?,fiat_currency_support,paiement
I want to have multiple currencies in my account if possible.,fiat_currency_support,paiement
Can exchanged be made to EUR?,fiat_currency_support,paiement
Can you convert to EUR?,fiat_currency_support,paiement
"What currencies can I not hold many in, if so what are they?",fiat_currency_support,paiement
What currencies do you offer?,fiat_currency_support,paiement
Are all fiat currencies supported?,fiat_currency_support,paiement
Can I change or hold different currency?,fiat_currency_support,paiement
Which flat currencies are supported for holding and exchange?,fiat_currency_support,paiement
What other fiat currencies can I use?,fiat_currency_support,paiement
Can you tell me how many currencies I can hold?,fiat_currency_support,paiement
What types of foreign money can be used with this service.?,fiat_currency_support,paiement
What fiat currencies do you support?,fiat_currency_support,paiement
"I need to hold money, what currencies can I use?",fiat_currency_support,paiement
Can you do exchanges of EUR?,fiat_currency_support,paiement
What types of fiduciary currencies are supported for tenure and exchange?,fiat_currency_support,paiement
Can I have multiple currencies in my account?,fiat_currency_support,paiement
I need to know which fiat currencies I can use with you.,fiat_currency_support,paiement
How can I solve my issue with holding multiple currencies?,fiat_currency_support,paiement
What kind of money can I hold?,fiat_currency_support,paiement
Will you be able to exchange to EUR?,fiat_currency_support,paiement
What flat currencies do you support for holding and exchange?,fiat_currency_support,paiement
Is EUR one of the currencies you deal with?,fiat_currency_support,paiement
Are EUR exchanges acceptable?,fiat_currency_support,paiement
What fiduciary currencies are supported for tenure and exchange?,fiat_currency_support,paiement
How do I go forth on holding money in multiple currencies?,fiat_currency_support,paiement
Please tell me which fiat currencies you support.,fiat_currency_support,paiement
Do you provide currency exchange to Euros?,fiat_currency_support,paiement
What country's money can I hold currency in?,fiat_currency_support,paiement
"I'm interested in holding and exchange for flat currencies, what do you support?",fiat_currency_support,paiement
Do you have a problem with EUR exchanges?,fiat_currency_support,paiement
"In the exchange and holding, what fiat is allowed?",fiat_currency_support,paiement
How can I exchange to EUR?,fiat_currency_support,paiement
Are you able to make exchanges to EUR?,fiat_currency_support,paiement
Which fiat currencies can I use through this app?,fiat_currency_support,paiement
"Do you hold money and if so, what currencies do you accept?",fiat_currency_support,paiement
Please tell me the types of currency I can hold.,fiat_currency_support,paiement
Can you make exchanges using the EUR?,fiat_currency_support,paiement
Is it possible to hold money in different currencies?,fiat_currency_support,paiement
Do you deal with EUR?,fiat_currency_support,paiement
"I heard that you support more than one type of fiat currency, would you tell me which ones please?",fiat_currency_support,paiement
Which fiat currencies are supported for holding and exchanging?,fiat_currency_support,paiement
Please list what fiat currencies are supported for both holding and exchanging.,fiat_currency_support,paiement
Do you have support for flat currencies?,fiat_currency_support,paiement
Can you change my currency to EUR?,fiat_currency_support,paiement
Are you okay with exchanges to EUR?,fiat_currency_support,paiement
I need assistance with understanding which fiat currencies that you support.,fiat_currency_support,paiement
Could you tell me the fiat currencies that you work with?,fiat_currency_support,paiement
Which fiat currencies are supported?,fiat_currency_support,paiement
Which flat currencies do you support for holding and exchange?,fiat_currency_support,paiement
Can you tell me if I can hold money in several currencies?,fiat_currency_support,paiement
When can I expect my card? I live in the US.,card_delivery_estimate,carte
Help! When will the card arrive at my home?,card_delivery_estimate,carte
Can I get my card fast tracked?,card_delivery_estimate,carte
"i am express delivering my card to the us, how long will that take",card_delivery_estimate,carte
I need my card soon.,card_delivery_estimate,carte
When will my card be here?,card_delivery_estimate,carte
When can I expect delivery?,card_delivery_estimate,carte
I'm worried my card might be lost in the mail? How long does it usually take to arrive?,card_delivery_estimate,carte
When will my card be delivered?,card_delivery_estimate,carte
can the delivery be specific to my needs?,card_delivery_estimate,carte
how long does delivery take?,card_delivery_estimate,carte
can I choose delivery times to suite me?,card_delivery_estimate,carte
How long will this take to get to me?,card_delivery_estimate,carte
When shipped to the US how long is delivery time?,card_delivery_estimate,carte
"Give me my card, I need it now!",card_delivery_estimate,carte
What is the delivery time to the US?,card_delivery_estimate,carte
How long does it take for deliver to the US?,card_delivery_estimate,carte
When can I expect my card?,card_delivery_estimate,carte
How long is delivery to the US?,card_delivery_estimate,carte
I ordered my card and it isn't here yet. I need it ASAP. When can I expect to get it?,card_delivery_estimate,carte
When will my card come? I need it as soon as possible!,card_delivery_estimate,carte
How long should I wait for the card to arrive?,card_delivery_estimate,carte
Can you tell me when my card will arrive?,card_delivery_estimate,carte
Can I have it delivered on the date I need it delivered?,card_delivery_estimate,carte
What is the length of time for one of these items to come to the U.S?,card_delivery_estimate,carte
How long will it take to have my card mailed to me?,card_delivery_estimate,carte
Can I have it by a certain date?,card_delivery_estimate,carte
I need my card as quick as possible,card_delivery_estimate,carte
How long will it take my card to get here?,card_delivery_estimate,carte
How long will it take to deliver to the US?,card_delivery_estimate,carte
When should I expect my card to arrive?,card_delivery_estimate,carte
Send me my card now! ASAP,card_delivery_estimate,carte
How long is US delivery?,card_delivery_estimate,carte
can you express my card to me?,card_delivery_estimate,carte
When will it get delivered?,card_delivery_estimate,carte
how soon will my card arrive?,card_delivery_estimate,carte
How long does it take for cards to be delivered after ordering them?,card_delivery_estimate,carte
"If I need delivery on a certain day, is that something that could be accommodated?",card_delivery_estimate,carte
My card is needed soon,card_delivery_estimate,carte
I placed my order a week ago. Is it ok that my card isn't here yet?,card_delivery_estimate,carte
How will I get my card?,card_delivery_estimate,carte
How long does it take to receive my card?,card_delivery_estimate,carte
Can you tell me how long it takes for a new card to come?,card_delivery_estimate,carte
I need my card right away.,card_delivery_estimate,carte
Do I have a say when it's delivered?,card_delivery_estimate,carte
I would like to make sure it is delivered on a certain date.,card_delivery_estimate,carte
Will my card be here soon?,card_delivery_estimate,carte
how long does it take to get my card i am in a rush,card_delivery_estimate,carte
When can I expect my new card to get here?,card_delivery_estimate,carte
How long are deliveries to the US?,card_delivery_estimate,carte
Can it be delivered on a certain date?,card_delivery_estimate,carte
How long does it take for something to be delivered to the U.S?,card_delivery_estimate,carte
How long does it take for my physical card to be delivered.,card_delivery_estimate,carte
what is the leadtime for a new card to show up in the mail?,card_delivery_estimate,carte
are you sending me my card?,card_delivery_estimate,carte
When will it be delivered to the US?,card_delivery_estimate,carte
Can I add money automatically to my account while traveling?,automatic_top_up,rechargement
i need help finding the auto top up option.,automatic_top_up,rechargement
I can't find the auto-top up option.,automatic_top_up,rechargement
When do i activate auto top-up?,automatic_top_up,rechargement
Is there an automatic top up feature?,automatic_top_up,rechargement
Can I have my account add money automatically in certain intervals?,automatic_top_up,rechargement
Is there a daily auto top-up limit?,automatic_top_up,rechargement
How do I access the option to top up?,automatic_top_up,rechargement
How low does the balance have to be before the system updates?,automatic_top_up,rechargement
Can I auto top if I'm low on funds?,automatic_top_up,rechargement
I am inquiring about your auto top up feature.,automatic_top_up,rechargement
Are there any limit on the auto top-up?,automatic_top_up,rechargement
Is it possible to do auto top up?,automatic_top_up,rechargement
is there a way to do automatic top up,automatic_top_up,rechargement
I would like to top up my account automatically. How do I do that?,automatic_top_up,rechargement
If I don't have much money in the account can I auto top-up?,automatic_top_up,rechargement
I need to know the if there is a limit on the amount for auto top-up.,automatic_top_up,rechargement
Can I set up to my account to automatically top up?,automatic_top_up,rechargement
"If there isn't a lot of money left, will it automatically top-up money?",automatic_top_up,rechargement
In what increments can I top-up my card?,automatic_top_up,rechargement
Does auto top-up have a limit?,automatic_top_up,rechargement
If I am running low on credit can I auto top up?,automatic_top_up,rechargement
Is there such thing as an auto top-up option?,automatic_top_up,rechargement
How can I Use thereto-top option?,automatic_top_up,rechargement
when i travel can it top up automatically,automatic_top_up,rechargement
Is there an auto top up option?,automatic_top_up,rechargement
Where do I find the auto top- up?,automatic_top_up,rechargement
Where can I located the auto-top up option?,automatic_top_up,rechargement
I will be traveling and want money to be added automatically in certain intervals. Is this possible?,automatic_top_up,rechargement
How will I know when I can use the auto top-up feature?,automatic_top_up,rechargement
Can I auto-top up?  How do I do it?,automatic_top_up,rechargement
How do I get refills to my card when I'm traveling?,automatic_top_up,rechargement
What is the limit on Auto top?,automatic_top_up,rechargement
How do I auto top-up?,automatic_top_up,rechargement
Can it add money automatically while travelling,automatic_top_up,rechargement
Can I automatically top-up when traveling?,automatic_top_up,rechargement
What is the maximum for auto top-up?,automatic_top_up,rechargement
Is there a way to top-up when it reaches a certain balance?,automatic_top_up,rechargement
Can I set the account to auto top-up?,automatic_top_up,rechargement
"What are my options for topping up, automatic and/or manual?",automatic_top_up,rechargement
"When I travel, can it automatically add money in certain intervals?",automatic_top_up,rechargement
Is auto top up available?,automatic_top_up,rechargement
I want to auto top-up.,automatic_top_up,rechargement
When I'm traveling is it possible to add money automatically at certain time points?,automatic_top_up,rechargement
Is there a limit on auto top-up?,automatic_top_up,rechargement
I'm trying to activate the auto-top up function. Where is it?,automatic_top_up,rechargement
What's the limit for auto top-up?,automatic_top_up,rechargement
How do I top-up automatically?,automatic_top_up,rechargement
Where can I find the auto-top up feature?,automatic_top_up,rechargement
Can I set it up to add money every few days automatically while I am traveling?,automatic_top_up,rechargement
Is there a function where I can top-up automatically?,automatic_top_up,rechargement
Can topping up be automatic?,automatic_top_up,rechargement
Can I auto top up multiple times?,automatic_top_up,rechargement
Where can I find the auto-top option?,automatic_top_up,rechargement
What is the maximum times I can auto top-up?,automatic_top_up,rechargement
How many times can I auto top-up?,automatic_top_up,rechargement
What are the auto top-up policies?,automatic_top_up,rechargement
"What, if any, is the limit  for auto top-up?",automatic_top_up,rechargement
Can I get an auto Top-up?,automatic_top_up,rechargement
What are the restrictions on auto top-up?,automatic_top_up,rechargement
Can it automatically top up my account?,automatic_top_up,rechargement
Can I top-up automatically?,automatic_top_up,rechargement
"I heard you have an auto-top up option, where do I find that?",automatic_top_up,rechargement
Where do I access the auto top-up function?,automatic_top_up,rechargement
What about a auto top-up?,automatic_top_up,rechargement
how can i get it to add money automatically while travelling,automatic_top_up,rechargement
"What about an auto top-up, is that a option?",automatic_top_up,rechargement
Can I setup top ups in advance?,automatic_top_up,rechargement
Can it add money every so often automatically while I travel?,automatic_top_up,rechargement
Will the system automatically update once there is no more money left?,automatic_top_up,rechargement
"When traveling, is it possible for it to add money at specific time intervals?",automatic_top_up,rechargement
auto-top up option can be found where?,automatic_top_up,rechargement
Is it possible to top-up automatically?,automatic_top_up,rechargement
Do you have an auto-top function and how do I use it if so?,automatic_top_up,rechargement
I can't use my card because it is not working.,card_not_working,carte
"My card isn't working at all, I need assistance. It's really frustrating.",card_not_working,carte
My card was working but now it doesn't.,card_not_working,carte
I cannot seem to use my card.,card_not_working,carte
I have not been able to use this card.,card_not_working,carte
What do I do if i accidentally broke my card?,card_not_working,carte
What should I do if my card doesn't work?,card_not_working,carte
Why won't my card work.,card_not_working,carte
My card will not work,card_not_working,carte
HOW LONG THE CARD VALIDITY,card_not_working,carte
I think my card is broke?,card_not_working,carte
What do I do?  My card is broken.,card_not_working,carte
"My Netflix subscription says that there is an issue with my card information, but I thought everything was fine. Why would it be declined?",card_not_working,carte
WHAT IS THE REASON FOR THAT,card_not_working,carte
My card is not working when I try to use it.,card_not_working,carte
What are ways to test why my card might not be working?,card_not_working,carte
Currently my card is broken.,card_not_working,carte
How do I fix my card if it is broken?,card_not_working,carte
Why doesn't my card work for any transactions?,card_not_working,carte
"I tried using my card, but it doesn't work.",card_not_working,carte
Something's wrong my card won't work.,card_not_working,carte
"Suddenly, my card won't work.",card_not_working,carte
Help.  My card is broken.,card_not_working,carte
Is my card frozen?,card_not_working,carte
What do I do now that I can't use this card?,card_not_working,carte
My card doesn't seem to work anymore,card_not_working,carte
Why is my card not working anymore?,card_not_working,carte
What should I do if I can't use my card?,card_not_working,carte
Currently I can't get my card to work.,card_not_working,carte
What can I do to make my physical card work?,card_not_working,carte
Can you tell me why I can't make any transactions?,card_not_working,carte
There is something wrong with my card. Tried to use it a few times today in different places and it just didn't work. The transactions I tried to make were really small so not sure what's going on,card_not_working,carte
How do I check security settings using the app?,card_not_working,carte
I tried using my card at multiple vendors and now it's not working.,card_not_working,carte
The card is non-functional.,card_not_working,carte
I haven't been able to complete any transactions on my card today. Do you know what's wrong?,card_not_working,carte
Today I used my card at a restaurant and it was declined. Why?,card_not_working,carte
Did you deactivate my card it's not working anymore,card_not_working,carte
When I was in a restaurant today my card was declined and payment wouldn't go through and I need help. Can you fix this?,card_not_working,carte
What to do if my physical card is not working?,card_not_working,carte
My card stopped working after multiple transactions. Why?,card_not_working,carte
"I think my card is broken or something. I tried using it and it wouldn't go through, please help.",card_not_working,carte
I tried to purchase airline tickets online this morning and my card information isn't working. Is there something going on with my account?,card_not_working,carte
My card no longer works.,card_not_working,carte
What do I do if my card gets broken?,card_not_working,carte
I am having problems with my physical card.,card_not_working,carte
My card stopped working. How do I check if there is a freeze on it?,card_not_working,carte
"I don't know what's wrong with my card, but it has not worked at multiple places today.",card_not_working,carte
I need clarity on why my card is not working.,card_not_working,carte
My card won't physically work.,card_not_working,carte
My card don't work.,card_not_working,carte
My card won't work right now.,card_not_working,carte
How can it be that my Card is not functioning anymore?,card_not_working,carte
What's going on with my card? I've tried multiple times and it never goes through.,card_not_working,carte
What do I do if my card is not working?,card_not_working,carte
What should I do if my physical card isn't working?,card_not_working,carte
Can I change from AUD to GBP?,exchange_via_app,paiement
How can I change to another currency?,exchange_via_app,paiement
Does the app allowing exchanges between USD and GBP,exchange_via_app,paiement
I am from X but am traveling to Y - how do I get currency for Y?,exchange_via_app,paiement
What currencies can be exchanged in the app?,exchange_via_app,paiement
Can I possibly change my currency to another?,exchange_via_app,paiement
I would like to exchange currencies on the app. How do I do this?,exchange_via_app,paiement
What do I do to exchange currency?,exchange_via_app,paiement
Is it possible to exchange currencies?,exchange_via_app,paiement
Can turn my money into another currency?,exchange_via_app,paiement
I would like to change to a different currency.,exchange_via_app,paiement
How can I change currency type?,exchange_via_app,paiement
"Using your app, would I be able to exchange between USD and GBP?",exchange_via_app,paiement
"With this app, will I be able to exchange currency?",exchange_via_app,paiement
How do I change my currency to another?,exchange_via_app,paiement
How do I exchange currencies using the app?,exchange_via_app,paiement
How can I convert currencies?,exchange_via_app,paiement
Can I use your app to exchange between USD and GBP,exchange_via_app,paiement
How do I change to a different currency?,exchange_via_app,paiement
Is exchanging currencies a feature of the app?,exchange_via_app,paiement
Where can I get my currencies exchanged?,exchange_via_app,paiement
Can I convert currency with the app?,exchange_via_app,paiement
"I need to exchange my GBP to AUD, how would I do this?",exchange_via_app,paiement
Where can i exchange between GBP and USD,exchange_via_app,paiement
How to exchange my currency,exchange_via_app,paiement
How do I use the app to exchange currencies?,exchange_via_app,paiement
"I no longer need AUD, I need GBP instead, how can I make this happen?",exchange_via_app,paiement
How do I exchange USD to GBP?,exchange_via_app,paiement
Is there a way to make my money usable in another country?,exchange_via_app,paiement
How do I exchange AUD for GBP?,exchange_via_app,paiement
Can I use this app to exchange currencies?,exchange_via_app,paiement
How can I exchange currencies using your app?,exchange_via_app,paiement
Can I exchange from USD to GBP?,exchange_via_app,paiement
Does your app allow currency exchange from USD to GBP?,exchange_via_app,paiement
What currences are available for exchange?,exchange_via_app,paiement
Is this app capable of exchanging currencies?,exchange_via_app,paiement
Is it possible to change from USD to GBP with your App?,exchange_via_app,paiement
"If I need to make an exchange from USD to GBP, how can I do so in the app?",exchange_via_app,paiement
Will this app allow me to exchange currencies?,exchange_via_app,paiement
"I may need to exchange my USD for GBP, can your app do that?",exchange_via_app,paiement
How do I exchange currencies with this,exchange_via_app,paiement
I need Australian dollars instead of UK currency.,exchange_via_app,paiement
Can I exchange currencies with the app?,exchange_via_app,paiement
Will you tell me how to exchange USD for GBP in the app?,exchange_via_app,paiement
How can I exchange currencies with this app?,exchange_via_app,paiement
How can I exchange GBP for AUD?,exchange_via_app,paiement
Can I exchange currency for different types?,exchange_via_app,paiement
Is it possible to exchange currencies on the app?,exchange_via_app,paiement
What's the process of changing from GBP to AUD?,exchange_via_app,paiement
How do I switch to a different currency?,exchange_via_app,paiement
Will it be possible to change from USD to GBP with this App?,exchange_via_app,paiement
How do I make a currency exchange?,exchange_via_app,paiement
"I can't figure out how to change GBP to AUD, what do I do?",exchange_via_app,paiement
How can I exchange USD and GBP in the app?,exchange_via_app,paiement
What do I need to do to exchange my money?,exchange_via_app,paiement
"I would like to exchange currencies, how do I go upon it?",exchange_via_app,paiement
What different currencies can I get?,exchange_via_app,paiement
I would like to exchange currency  What types are there?,exchange_via_app,paiement
how to exchange currencies,exchange_via_app,paiement
Can this convert money?,exchange_via_app,paiement
How can I trade currencies with this app?,exchange_via_app,paiement
How do I change to AUD from GBP?,exchange_via_app,paiement
Whats types of currency can I exchange?,exchange_via_app,paiement
how can i exchange currencies,exchange_via_app,paiement
What steps do I need to take to exchange currencies?,exchange_via_app,paiement
What other currencies are available to change to?,exchange_via_app,paiement
what currencies can i exchange between on your app?,exchange_via_app,paiement
Can this app exchange American and English currency?,exchange_via_app,paiement
My plans may change so I may need to change from GBP to AUD.,exchange_via_app,paiement
Does the app allow for exchanges between currencies?,exchange_via_app,paiement
Has there been any activity on my card today?,lost_or_stolen_card,carte
I'm panicking!  I lost my card!  Help!,lost_or_stolen_card,carte
How do I replace a stolen card?,lost_or_stolen_card,carte
Can you provide information for freezing my card immediately?,lost_or_stolen_card,carte
I can't find my card! Can you help?,lost_or_stolen_card,carte
"Hi, I am on vacation in Spain and someone stole my bag with my phone and wallet with cards and everything. Can you block it ASAP and then I want to order a new one also ASAP.",lost_or_stolen_card,carte
My card is missing.  Please help.,lost_or_stolen_card,carte
My card was stolen,lost_or_stolen_card,carte
A fee shouldn't apply to me if my card was stolen.,lost_or_stolen_card,carte
"My card has been stolen. I reported it with the police, but I need to report it with you as well.",lost_or_stolen_card,carte
Can you tell me the status of my new card?,lost_or_stolen_card,carte
My card has been stolen what do I do?,lost_or_stolen_card,carte
I believe that my card has been stolen!,lost_or_stolen_card,carte
Can you send me a new card and block my current one. I'm in Spain and my wallet was stolen.,lost_or_stolen_card,carte
My bag got stolen with all my cards. Can you please cancel my card and send a new one?,lost_or_stolen_card,carte
I think my card is stolen!,lost_or_stolen_card,carte
Someone stole my card!,lost_or_stolen_card,carte
Are you able to guide me to my card's location?,lost_or_stolen_card,carte
My card is missing!  Help!,lost_or_stolen_card,carte
Could you please freeze my card immediately?,lost_or_stolen_card,carte
"i need help, i lost my card",lost_or_stolen_card,carte
I think that the card is stolen.  What are my next steps?,lost_or_stolen_card,carte
My card is stolen.  Help!,lost_or_stolen_card,carte
I lost track of my card,lost_or_stolen_card,carte
Report stolen card,lost_or_stolen_card,carte
Help!  My card is stolen.,lost_or_stolen_card,carte
"My card was lost on vacation, I don't know where it is. Can you help me take care of this immediately?",lost_or_stolen_card,carte
I have lost my card! What is my next step?,lost_or_stolen_card,carte
Someone stole my wallet with my card in it while vacationing in Spain. I really need my card blocked and a new one ordered.,lost_or_stolen_card,carte
My card was stolen. What do I need to do?,lost_or_stolen_card,carte
My card has been lost / stolen,lost_or_stolen_card,carte
Please help me.  My card is missing.,lost_or_stolen_card,carte
"I lost my card, what do I do now?",lost_or_stolen_card,carte
I need to order a new card as my other one was stolen.,lost_or_stolen_card,carte
I think someone stole my card because I can't find it.,lost_or_stolen_card,carte
What are the steps I need to do if I have a stolen card?,lost_or_stolen_card,carte
What should I do if my card is stolen?,lost_or_stolen_card,carte
"I want to block my card or deactivate it or something, it's been stolen and I don't want it misused. I want this handled right away.",lost_or_stolen_card,carte
Need help with a stolen card.,lost_or_stolen_card,carte
"help, lost my card",lost_or_stolen_card,carte
What do I do if my card was stolen.,lost_or_stolen_card,carte
My card is missing.,lost_or_stolen_card,carte
I've lost my card. What can I do about that?,lost_or_stolen_card,carte
I lost my card. Can you help me?,lost_or_stolen_card,carte
What should I do?  My card has been stolen!,lost_or_stolen_card,carte
I want to open an account for my children,age_limit,compte
How old do you need to be to use the banks services?,age_limit,compte
Whats the minimum age to have an account,age_limit,compte
How old do I need to be?,age_limit,compte
What are age requirements for opening an account?,age_limit,compte
Is there any age limit?,age_limit,compte
We want to start a college fund for my daughter.,age_limit,compte
Hold old do my kids have to be to use the service?,age_limit,compte
Can I start an account for my kids?,age_limit,compte
What is minimum age for an account?,age_limit,compte
What is needed for my daughter to open an account?,age_limit,compte
What about my children?,age_limit,compte
I'd like to open an account for my kids can I do that?,age_limit,compte
Would it be possible to open up an account for children?,age_limit,compte
If I want my son to have his own account is that possible?,age_limit,compte
Could I open an account for children?,age_limit,compte
What does my daughter need to open an account?,age_limit,compte
What is the age limit for an account?,age_limit,compte
What age do you have to be?,age_limit,compte
What is the appropriate age for my child to be able to open an account?,age_limit,compte
What are the requirements to open an account for a minor?,age_limit,compte
What is the minimum age required to open an account with your service?,age_limit,compte
I have young kids. Can they use this service?,age_limit,compte
How old do you have to be?,age_limit,compte
Can I open an account for my children?,age_limit,compte
What would the age limit be?,age_limit,compte
What are the age requirements for service?,age_limit,compte
I am 16 and just started working at McDonalds can I deposit my checks at your bank?,age_limit,compte
what is the age limit for opening a new account,age_limit,compte
May I get an account for my daughter?,age_limit,compte
How old must I be to open an account?,age_limit,compte
What is the age limit?,age_limit,compte
Is there any way I could open an account for my daughter?,age_limit,compte
Can I get an account for my daughter?,age_limit,compte
Do you offer account services for children and teens?,age_limit,compte
From which age can my kids use your service?,age_limit,compte
What is the youngest age for an account?,age_limit,compte
I have kids and I'm curious at what age could they start to use your service.,age_limit,compte
At what age can I open an account?,age_limit,compte
Can I open up an account for my child?,age_limit,compte
Do you have a children account available?,age_limit,compte
At what age can my children use your service?,age_limit,compte
At what age can a person open an account?,age_limit,compte
Would I be able to open an account for my daughter?,age_limit,compte
Can my teenager have an account?,age_limit,compte
How old do my kids need to be to open an account?,age_limit,compte
How old can one use your service?,age_limit,compte
Do you have to be 18 to make an account?,age_limit,compte
Can I open an account for my offspring?,age_limit,compte
Do you offer account's for minors?,age_limit,compte
How old do you need to be to have an account?,age_limit,compte
"My son has just turned 13, is he old enough for an account?",age_limit,compte
Do you guys have any age restrictions?,age_limit,compte
Is there a minimum age for having an account?,age_limit,compte
How old does one need to be?,age_limit,compte
My daughter needs an acount.,age_limit,compte
What is the age requirement?,age_limit,compte
Is there a certain age I need to be?,age_limit,compte
Am I able to open an account for my children?,age_limit,compte
Do you have an age requirement when opening an account with your service?,age_limit,compte
Please help me unblock my pin which I put the wrong one too many times.,pin_blocked,compte
Help me unblock my account.  I entered the PIN wrong too many times.,pin_blocked,compte
"I locked myself out of my account, how do I unblock my PIN?",pin_blocked,compte
My PIN tries have run out. Now what?,pin_blocked,compte
I attempted to enter my pin to many times.,pin_blocked,compte
"My pin needs unblocking, unblock it please?",pin_blocked,compte
What do I have to do to get my PIN unblocked?,pin_blocked,compte
I entered a wrong PIN too many times. How can I fix this?,pin_blocked,compte
How can I unblock my PIN?,pin_blocked,compte
How do I make my PIN work again?,pin_blocked,compte
My PIN was entered wrong and now I am blocked.  Please unblock.,pin_blocked,compte
Can I use app to unblock my card?,pin_blocked,compte
I tried the wrong PIN too many times.,pin_blocked,compte
Can I unblock my PIN in the app?,pin_blocked,compte
I can't input my pin again.,pin_blocked,compte
Will you help me unblock my pin after putting in the wrong pin too many times?,pin_blocked,compte
What do I do if I forgot my PIN?,pin_blocked,compte
What is the process for unlocking the pin?,pin_blocked,compte
"My PIN is locked, how do I unlock it?",pin_blocked,compte
"
I put the wrong pin too many times and now it is blocked. Can you help me unblock it?",pin_blocked,compte
Where can I go to get my PIN unblocked?,pin_blocked,compte
I accidentally exceeded my PIN tries.  Please advise.,pin_blocked,compte
"I logged in wrong and am blocked, how do I log in?",pin_blocked,compte
"My PIN is unlocked, what do I do?",pin_blocked,compte
"My PIN can't access my card, can you help?.",pin_blocked,compte
"After putting in the wrong PIN too many times, I was blocked. Can you assist me in changing it?",pin_blocked,compte
"
How do I unblock my PIN?",pin_blocked,compte
Why is my PIN blocked?,pin_blocked,compte
My PIN has been blocked.,pin_blocked,compte
"My card got blocked, how do I reset?",pin_blocked,compte
"My PIN number was incorrect, and I can't access it.",pin_blocked,compte
Is there a way to reset my PIN?,pin_blocked,compte
What do I do if I have exceeded all my PIN tries?,pin_blocked,compte
What should I do if I have used all of my PIN tries?,pin_blocked,compte
My PIN isn't working.,pin_blocked,compte
I forgot what my pin number is and now am blocked can you help me get in?,pin_blocked,compte
Where am I able to get my PIN unblocked?,pin_blocked,compte
I forgot my pin and am blocked now. Can I reset it somewhere?,pin_blocked,compte
I am locked out from entering my pin.,pin_blocked,compte
What do I do to unblock my PIN?,pin_blocked,compte
I entered my pin wrong  too many times.,pin_blocked,compte
"I have used all my PIN tries, what now?",pin_blocked,compte
Where do I go to unblock my PIN?,pin_blocked,compte
What if I type in the wrong PIN too many times?,pin_blocked,compte
I have exceeded all my PIN tries,pin_blocked,compte
How to unblock my PIN?,pin_blocked,compte
How many incorrect attempts cause card to be blocked?,pin_blocked,compte
"Would you please unblock my pin? I don't know why, but it's blocked.",pin_blocked,compte
Is there a number to call to get my pin unblocked?,pin_blocked,compte
"My PIN got blocked, help.",pin_blocked,compte
"My PIN has been blocked, what should I do?",pin_blocked,compte
My account is blocked because I entered the wrong pin too many times.  Help me unblock.,pin_blocked,compte
"My PIN is not working, can you help?",pin_blocked,compte
I entered the pin incorrectly too many times and now it is blocked. Can you help?,pin_blocked,compte
I need a new PIN number.,pin_blocked,compte
I punched in the wrong pin too many times and I'm locked out.,pin_blocked,compte
Should i uninstall the app before i try it again?,contactless_not_working,carte
How come when I tried to pay contactless at the bus it didnt work?,contactless_not_working,carte
Why is my contactless not working?,contactless_not_working,carte
My contactless payments don't work.,contactless_not_working,carte
how many days processing new card?,contactless_not_working,carte
I've tried using my contactless in several locations today and it's not working anywhere. It seemed fine before. How do I get it to work again?,contactless_not_working,carte
What do I have to do to get the contactless to work?,contactless_not_working,carte
The terminal I paid at wouldn't take my card. Is something wrong?,contactless_not_working,carte
Can I make a contactless payments?,contactless_not_working,carte
I can't get a contactless payment to work.,contactless_not_working,carte
Contactless payments need to be enabled for my card.,contactless_not_working,carte
My contactless stopped working today for no good reason. It's not working no matter where I try to use it. Can you please help me fix it?,contactless_not_working,carte
I need help fixing my contactless. It's not working anywhere I go today.,contactless_not_working,carte
how to get new card?,contactless_not_working,carte
How can I fix my contactless?,contactless_not_working,carte
I have a contactless that's broken.,contactless_not_working,carte
My contactless is non-functional.,contactless_not_working,carte
How can i get new card?,contactless_not_working,carte
My contactless stopped working today no matter where I try to use it. How do I get it to start working again?,contactless_not_working,carte
"I was trying to use contactless earlier, but it didn't work.",contactless_not_working,carte
Is there a top up fee for transfer?,top_up_by_bank_transfer_charge,frais
Is there a charge for SEPA transfers?,top_up_by_bank_transfer_charge,frais
Do you receive SWIFT transfers?,top_up_by_bank_transfer_charge,frais
How much is it to receive money?,top_up_by_bank_transfer_charge,frais
Is there a charge for using transfers for top ups?,top_up_by_bank_transfer_charge,frais
"If someone sends me money, will I be charged?",top_up_by_bank_transfer_charge,frais
Do you accept SWIFT transfers?,top_up_by_bank_transfer_charge,frais
Am I charged for receiving money?,top_up_by_bank_transfer_charge,frais
Is there a fee to top up by bank transfers?,top_up_by_bank_transfer_charge,frais
Do you offer SWIFT transfers?,top_up_by_bank_transfer_charge,frais
Will there be a charge when money is added to my account?,top_up_by_bank_transfer_charge,frais
Is there a fee for a SEPA transfer,top_up_by_bank_transfer_charge,frais
Is there a fee to make a transfer?,top_up_by_bank_transfer_charge,frais
What is the charge to make a transfer,top_up_by_bank_transfer_charge,frais
Would I be able to use SWIFT transfers?,top_up_by_bank_transfer_charge,frais
Are there any charges for receiving money?,top_up_by_bank_transfer_charge,frais
how much will I be charged for making a transfer?,top_up_by_bank_transfer_charge,frais
Can I transfer money using the SWIFT service?,top_up_by_bank_transfer_charge,frais
is there a fee for swift transfer,top_up_by_bank_transfer_charge,frais
Do you charge anything for topping up?,top_up_by_bank_transfer_charge,frais
"If I were to do a transfer, what is the rate for that?",top_up_by_bank_transfer_charge,frais
How much do I need to pay for a transfer?,top_up_by_bank_transfer_charge,frais
Is there a charge for getting my money?,top_up_by_bank_transfer_charge,frais
Does this program take SWIFT transfers?,top_up_by_bank_transfer_charge,frais
Am I charged if I make a top-up?,top_up_by_bank_transfer_charge,frais
do you have a fee for receiving a SEPA transfer?,top_up_by_bank_transfer_charge,frais
Is a SWIFT transfer acceptable?,top_up_by_bank_transfer_charge,frais
How much will it cost me for a SEPA transfer?,top_up_by_bank_transfer_charge,frais
How much would it cost me if I transfer?,top_up_by_bank_transfer_charge,frais
"I want to top up my account by a bank transfer, but will I be charged?",top_up_by_bank_transfer_charge,frais
Are you aware of any charges for receiving money?,top_up_by_bank_transfer_charge,frais
Can I transfer using SWIFT?,top_up_by_bank_transfer_charge,frais
What are the additional charges for a SWIFT transfer?,top_up_by_bank_transfer_charge,frais
Does it cost me anything to top up my account via bank transfer?,top_up_by_bank_transfer_charge,frais
Do you take SWIFT transfers?,top_up_by_bank_transfer_charge,frais
Are there topping up fees if I have to transfer?,top_up_by_bank_transfer_charge,frais
Am I going to be charged for topping up by transfer?,top_up_by_bank_transfer_charge,frais
Do I get charged if I am receiving money?,top_up_by_bank_transfer_charge,frais
Can third party fees affect a transfer?,top_up_by_bank_transfer_charge,frais
How much would I be charged for a transfer?,top_up_by_bank_transfer_charge,frais
Is there a top up fee?,top_up_by_bank_transfer_charge,frais
How much does it cost to do a transfer?,top_up_by_bank_transfer_charge,frais
"If I top up by transfer, am I going to be charged?",top_up_by_bank_transfer_charge,frais
Are there any fees associated with receiving money?,top_up_by_bank_transfer_charge,frais
How much does each transfer cost?,top_up_by_bank_transfer_charge,frais
Is there any fees associated with receiving money with this account?,top_up_by_bank_transfer_charge,frais
Do you process SWIFT transfers?,top_up_by_bank_transfer_charge,frais
How long does a top-up take to go through?,pending_top_up,rechargement
Why is my top up not completing?,pending_top_up,rechargement
What if my top up doesn't go through?,pending_top_up,rechargement
Says that my top-up is incomplete?,pending_top_up,rechargement
Seems like my top-up has not gone through,pending_top_up,rechargement
How long will my top-up stay pending?,pending_top_up,rechargement
why isn't my top-up going through?,pending_top_up,rechargement
I topped up but it isn't in my account,pending_top_up,rechargement
"My top up has been pending for an hour already, and I really need this to go through as soon as possible.  Can you help?",pending_top_up,rechargement
My top up is incomplete.,pending_top_up,rechargement
My top-up funds aren't available yet.,pending_top_up,rechargement
Where are my funds? I topped off my car but it didn't seem to complete.,pending_top_up,rechargement
"I tried to top up, but it didn't finish.",pending_top_up,rechargement
Should my top-up be completed by now?,pending_top_up,rechargement
When will my top up be approved?,pending_top_up,rechargement
My top-up didn't go through; it still says pending. What's up with that?,pending_top_up,rechargement
I can't find the money I just added to my account.,pending_top_up,rechargement
What does it mean if my top-up has not gone through?,pending_top_up,rechargement
"My top up hasn't gone through yet, why?",pending_top_up,rechargement
I've been waiting for a top up to come through for over an hour and I need the funds now.,pending_top_up,rechargement
What happened to my Top-Up? It's not reflected.,pending_top_up,rechargement
"I'm waiting on a top-up, its still pending",pending_top_up,rechargement
Yesterday I topped up my card. Why didn't it complete as it still pending?,pending_top_up,rechargement
How long should I wait for top up go go through ?,pending_top_up,rechargement
Top-up is loaded into the card and no update.,pending_top_up,rechargement
My top-up seems to be pending for a long time?,pending_top_up,rechargement
What do I do if my top-up has not gone through?,pending_top_up,rechargement
My top-up hasn't gone through,pending_top_up,rechargement
Is my top up not working?,pending_top_up,rechargement
My top up is pending still,pending_top_up,rechargement
How long does it take for my top up to clear?,pending_top_up,rechargement
Is there a problem with the top up system? My transaction hasn't gone through properly,pending_top_up,rechargement
Why hasn't my top up gone through?,pending_top_up,rechargement
Has my top up gone through?,pending_top_up,rechargement
I used my card to top up but it's saying it is still pending. What does this mean?,pending_top_up,rechargement
How long does it take for a top up to go through,pending_top_up,rechargement
Why is the top-up I made still pending.,pending_top_up,rechargement
I do not think the pop up went through yet.,pending_top_up,rechargement
how long are my top ups pending,pending_top_up,rechargement
top up is still pending,pending_top_up,rechargement
I have been waiting for my top-up to complete and it still hasn't gone through.,pending_top_up,rechargement
Please explain why my top-up hasn't been processed yet?,pending_top_up,rechargement
My top up hasn't gone through,pending_top_up,rechargement
When will my top-up be completed?,pending_top_up,rechargement
"My top up keeps showing pending?  How long will things be like this?  Days, weeks, months?  I need the money quite urgently for an important coffee purchase, can you please let me know when top up will work?",pending_top_up,rechargement
I tried topping up for the first time today since I am a new customer. It doesn't appear that it's working. It has been pending for at least half an hour. Please take care of this.,pending_top_up,rechargement
"How long is a top up supposed to be pending, because an hour is too long! Can you fix this to go through?",pending_top_up,rechargement
There is a top up that has been pending for an hour and I don't know why.  I was expecting it immediately and need it now!,pending_top_up,rechargement
Can you tell me what is wrong ? I top-up with you all the time but this time it just shows my top-up as pending. What is happening?,pending_top_up,rechargement
why is top up pending,pending_top_up,rechargement
"I topped-up my account, but I don't think it went through.",pending_top_up,rechargement
The top-up is broken.,pending_top_up,rechargement
"How come my top-up didn't go through instantly, like it usually does?",pending_top_up,rechargement
How long do I need to wait til my top up isn't pending?,pending_top_up,rechargement
"Even though I added money ey to the card, I couldn't use it",pending_top_up,rechargement
How long should it take for my top-up to finish? I've been waiting a while.,pending_top_up,rechargement
Is there a reason my top-up has not gone through?,pending_top_up,rechargement
How do I know if my top-up went through?,pending_top_up,rechargement
Can you please sort out your top up? I need this to go through asap because I really need the money. It's already been pending for an hour.,pending_top_up,rechargement
Can you tell me why my pop-up is still pending?,pending_top_up,rechargement
What's taking my top-up so long?,pending_top_up,rechargement
When will my top up process?,pending_top_up,rechargement
What is the reason that my top-up is still pending?,pending_top_up,rechargement
Please sort your top up! My top up has been pending for an hour already. Can you please make it go through as soon as possible. I really need the money.,pending_top_up,rechargement
"Hello, I'm a brand new customer and tried topping up for the first time today. It has been pending for half an hour and doesn't seem to be working. Please resolve this.",pending_top_up,rechargement
I've been waiting for over an hour for a top up to go through.  How long is this supposed to take?  I really need this money.,pending_top_up,rechargement
Where to check top ups pending?,pending_top_up,rechargement
Cancel a transaction,cancel_transfer,virement
I made a mistake this morning when I did a transfer. How do I reverse it?,cancel_transfer,virement
Can I cancel a transaction?,cancel_transfer,virement
How do I revert a transaction?,cancel_transfer,virement
I just realized I made the wrong transaction yesterday. Would  you please make it correct?I need it by tomorrow Please.,cancel_transfer,virement
Is there a way to undo a transaction?,cancel_transfer,virement
"I accidentally made a payment from the wrong account yesterday. It's my rent payment, and it's very large, so the account I paid from won't be able to cover the amount. It's really important that the payment be made from the right account?",cancel_transfer,virement
I would like help to revert a transaction I did this morning,cancel_transfer,virement
Is there any way to cancel my transfer,cancel_transfer,virement
I made a mistake and performed a transaction on the wrong account!,cancel_transfer,virement
I want to revert a transaction I did this morning,cancel_transfer,virement
I need to cancel a transaction please!,cancel_transfer,virement
I want to revert a transaction I did,cancel_transfer,virement
I did a transaction this morning and now I want to cancel it.,cancel_transfer,virement
I need to stop a transaction that I made.,cancel_transfer,virement
I need to cancel a transfer I made.,cancel_transfer,virement
"My transfer was wrong, are you able to stop it before it goes through please?",cancel_transfer,virement
I used the wrong account.,cancel_transfer,virement
I've made a horrible mistake!  I transferred money to the wrong account by accident!  I entered one of the digits wrong.  I need this cancelled immediately please.,cancel_transfer,virement
What are the steps I need to take to cancel a transaction?,cancel_transfer,virement
I want to cancel the transaction I made earlier,cancel_transfer,virement
I submitted a transaction but it was for the incorrect account.,cancel_transfer,virement
Can you help me to quickly cancel a transaction I accidentally did to the wrong account?,cancel_transfer,virement
"I don't think the transaction has gone through, so can I cancel a transfer?",cancel_transfer,virement
I wanna revert a transaction i did this morning.,cancel_transfer,virement
Please help me cancel a transaction.,cancel_transfer,virement
I entered a typo when I was transferring money and now I've sent it to an incorrect account.  This is so bad!  I need it cancelled now.,cancel_transfer,virement
How fast can you fix an error in payment?  I made a payment in the wrong account yesterday and it needs to be adjusted by tomorrow for my rent.,cancel_transfer,virement
Please cancel my last transaction.,cancel_transfer,virement
I need to cancel a transfer,cancel_transfer,virement
Help me cancel a transfer.,cancel_transfer,virement
"who do I talk to, to cancel a transfer?",cancel_transfer,virement
Help! I need to cancel a transaction.,cancel_transfer,virement
If I make a mistake can I cancel the transaction?,cancel_transfer,virement
I need to cancel a transaction.,cancel_transfer,virement
I don't need to transfer anymore and I want to cancel it.,cancel_transfer,virement
How do I cancel a transfer?,cancel_transfer,virement
I made a transaction to the wrong account!,cancel_transfer,virement
I accidentally made a payment to a wrong account. What should I do?,cancel_transfer,virement
I just realized I made the wrong transaction  yesterday. Would  you please make it correct?I need it by tomorrow.,cancel_transfer,virement
Am I able to stop a transfer?,cancel_transfer,virement
"I made a transaction, but I made it to an account I didn't mean to make it to.",cancel_transfer,virement
stop the transaction,cancel_transfer,virement
I just realised I made the wrong payment yesterday. Can you please change it to the right account? It's my rent payment and really really needs to be in the right account by tomorrow,cancel_transfer,virement
"I've just made a money transfer to the wrong account, I need to stop the money from being moved as it may be going to someone I don't know.  Please can you help?",cancel_transfer,virement
Help me cancel a transaction.,cancel_transfer,virement
"Hi , I just came to know I made the wrong transaction  yesterday. Would  you please make it correct?I need it by tomorrow.",cancel_transfer,virement
I sent a payment to the wrong account number - can that transaction be reversed? I am worried about accidentally giving my money away.,cancel_transfer,virement
"I need you to stop the transfer I just started as soon as possible, I just realized it's not correct!",cancel_transfer,virement
I want to cancel a transaction.,cancel_transfer,virement
"I made a rent payment from the wrong account yesterday. It absolutely has to go through tomorrow, so can you please reroute the payment to the right account?",cancel_transfer,virement
"I no longer want to transfer funds, can we cancel that transaction?",cancel_transfer,virement
"I made a mistake when sending a payment, sending it to the wrong account number (with a typo) - can you please cancel the transaction?",cancel_transfer,virement
I need to cancel my recent transfer as soon as possible. I made an error there. Please help before it goes through.,cancel_transfer,virement
I am trying to revert a transcation I did this morning,cancel_transfer,virement
I inadvertently completed a transaction on a wrong account.,cancel_transfer,virement
"I made a mistake of transferring, can I cancel my previous transfer?",cancel_transfer,virement
Can I stop a transaction?,cancel_transfer,virement
I want to take back my transaction,cancel_transfer,virement
Is it possible for a transaction to be cancelled?,cancel_transfer,virement
Help! I made a transfer in error and need to cancel it before it's complete!,cancel_transfer,virement
I made a terrible mistake when typing in my account number.  I accidently sent money to the wrong account.  I noticed the app won't allow me to void the transaction.  Can someone help me with this immediately?,cancel_transfer,virement
Is it possible to cancel my transfer?,cancel_transfer,virement
How do I fix a transaction to the wrong account?,cancel_transfer,virement
I goofed up and used the wrong account.  Please help.,cancel_transfer,virement
My transaction is on the wrong account.,cancel_transfer,virement
How do I go about cancelling a transaction?,cancel_transfer,virement
Please can you block the transaction I just sent from my account? It was a payment but I accidently typed in the wrong details and think it might have gone to the wrong place.,cancel_transfer,virement
I made the incorrect payment for my rent yesterday and this needs to be fixed by no later than tomorrow. How can you help?,cancel_transfer,virement
I made a transfer into my account and now I need to cancel it,cancel_transfer,virement
Can I cancel a transfer I made,cancel_transfer,virement
How can I cancel a transaction to a wrong account?,cancel_transfer,virement
There's been a transaction to the wrong account.,cancel_transfer,virement
Please cancel the transfer I just made.  I put in the wrong account number and can't seem to stop it on the app.,cancel_transfer,virement
"I didn't mean to do the transfer, is there any way to cancel it?",cancel_transfer,virement
I need immediate assistance in canceling a transfer which was a mistake. Please help me quickly so this does not go through.,cancel_transfer,virement
Cancelling a transaction,cancel_transfer,virement
The wrong account was used during a transaction.,cancel_transfer,virement
What do I need to do to cancel a transaction?,cancel_transfer,virement
Help please!  My rent payment is coming out tomorrow and I made a payment mistake yesterday! Can you put in in the correct account?,cancel_transfer,virement
I need help as fast as possible! I made a mistake on my most recent transfer; can you please stop it before it goes through?,cancel_transfer,virement
I want to cancel a transaction from this morning.,cancel_transfer,virement
A transfer has been made in my account that I need to cancel.  This was a mistake on my part and I hope we can get this resolved quickly.,cancel_transfer,virement
I need to cancel my recent transfer. I made a mistake. Please help quickly before the transfer goes through.,cancel_transfer,virement
I'm really upset because I made a typo during a transfer and now I've sent money to the wrong account.  I can't fix this with the app.  Please help me immediately!,cancel_transfer,virement
What do I have to do to cancel a transfer?,cancel_transfer,virement
"I wanted to transfer money to another account, but now I don't have to so I'd like to cancel said transfer. How can I do that?",cancel_transfer,virement
please cancel the transaction,cancel_transfer,virement
What is the max amount of top-ups?,top_up_limits,rechargement
Can I increase my top-up maximum?,top_up_limits,rechargement
Can I top-up any amount?,top_up_limits,rechargement
Would I be able to top up as much as I can?,top_up_limits,rechargement
What is the maximum I can top up?,top_up_limits,rechargement
what is the most money i can top up?,top_up_limits,rechargement
Are there any top-up limits?,top_up_limits,rechargement
What is the greatest number of times that I can top-up?,top_up_limits,rechargement
Tell me if there is a limit to top-up.,top_up_limits,rechargement
How much am I allowed to top-up?,top_up_limits,rechargement
Is there a limit on how much I can top up?,top_up_limits,rechargement
Is there a limit for the amount I can top up?,top_up_limits,rechargement
Do top-up limits exist?,top_up_limits,rechargement
Whats the limit on my top up,top_up_limits,rechargement
Are there any top-up limits that I must follow?,top_up_limits,rechargement
Can I top-up any amount I wish on any given day?,top_up_limits,rechargement
What is the highest amount of top ups I'm allowed?,top_up_limits,rechargement
Can I set my own top-up limit?,top_up_limits,rechargement
How often can I top up?,top_up_limits,rechargement
What is the highest amount I can top-up?,top_up_limits,rechargement
What is the most that I can top-up to a card?,top_up_limits,rechargement
What limits are the to top-ups?,top_up_limits,rechargement
Whats the max I can top up,top_up_limits,rechargement
What is the maximum top up?,top_up_limits,rechargement
is there a limit to top up,top_up_limits,rechargement
It seems I need to get information on limits for top-ups.,top_up_limits,rechargement
Are there any top-up limits involved?,top_up_limits,rechargement
Are there limits with top-up?,top_up_limits,rechargement
What is the max top-up?,top_up_limits,rechargement
What is your maximum top up limit per day?,top_up_limits,rechargement
Is there a limit to my top-up?,top_up_limits,rechargement
How many top-ups can be approved?,top_up_limits,rechargement
Do you limit my top-offs?,top_up_limits,rechargement
Is the top-up amount unlimited?,top_up_limits,rechargement
How many top-ups can I use?,top_up_limits,rechargement
Is there a maximum for top-ups?,top_up_limits,rechargement
Will you set a limit to my top-up?,top_up_limits,rechargement
Is there a top-up limit?,top_up_limits,rechargement
How often am I able to top-up?,top_up_limits,rechargement
What is the maximum for top-ups?,top_up_limits,rechargement
Can I use as many top-ups as I want?,top_up_limits,rechargement
What amount can I top-up?,top_up_limits,rechargement
Can you tell me the limit for top ups?,top_up_limits,rechargement
I need someone to assist me with explaining how much I can top-up.,top_up_limits,rechargement
Is there a limit for top ups?,top_up_limits,rechargement
What is the max I can top up?,top_up_limits,rechargement
How often can I top up my account?,top_up_limits,rechargement
What's the amount that I can top-up?,top_up_limits,rechargement
is there a limit on top ups,top_up_limits,rechargement
limits on top ups,top_up_limits,rechargement
my atm transaction was wrong,wrong_amount_of_cash_received,retrait
why did i only get 20.00,wrong_amount_of_cash_received,retrait
"I tried to withdraw $100, all it gave me was $20.",wrong_amount_of_cash_received,retrait
When I went to withdraw cash today the ATM gave me the wrong amount of cash. The app is showing a larger amount.,wrong_amount_of_cash_received,retrait
I didn't get the all the cash i wanted from the atm,wrong_amount_of_cash_received,retrait
"Hi, I used an ATM today to take money out of my account, but the amount it gave me is not the amount I requested. What should I do?",wrong_amount_of_cash_received,retrait
I didn't get all the cash I asked for,wrong_amount_of_cash_received,retrait
I tried to withdraw $100 but only got $20. What happened?,wrong_amount_of_cash_received,retrait
I wanted to withdraw $100 from the ATM but I only got $20,wrong_amount_of_cash_received,retrait
"Hi, Please help me to request cash back. As i have been withdrawn money from ATM, but i got wrong amount. in Application its showing the amount i have been charged through.",wrong_amount_of_cash_received,retrait
The cash I wanted wasn't there.,wrong_amount_of_cash_received,retrait
The ATM didn't give me the full requested amount,wrong_amount_of_cash_received,retrait
I was only given $20 after trying to withdraw $100,wrong_amount_of_cash_received,retrait
I received less cash than the amount I specified in the ATM.,wrong_amount_of_cash_received,retrait
I got less cash than what I specified at the ATM.,wrong_amount_of_cash_received,retrait
I'm at the ATM right now and it only allowed me to withdraw 10 pounds instead of my requested 30. What's going on? How can I fix this?,wrong_amount_of_cash_received,retrait
I got $20 when I should've gotten $100,wrong_amount_of_cash_received,retrait
How can I request cash back? The ATM gave me the wrong amount that I've been charged though...,wrong_amount_of_cash_received,retrait
"HELP! I tried to get cash and it gave me some, but not the right amount!",wrong_amount_of_cash_received,retrait
"I am calling because the ATM didn't give me the right amount of cash, but my app shows the actual amount I wanted to withdraw. What should I do to get my money back?",wrong_amount_of_cash_received,retrait
Why didn't I receive the right amount of cash?,wrong_amount_of_cash_received,retrait
Why didn't I receive the right amount of cash at the ATM?,wrong_amount_of_cash_received,retrait
Why did I only get $20 now the full amount I wanted?,wrong_amount_of_cash_received,retrait
The ATM only gave me 10 pounds when I withdrew 30. What do I do?,wrong_amount_of_cash_received,retrait
Machines make mistakes too! The ATM gave me the wrong amount of money. Too much!,wrong_amount_of_cash_received,retrait
I was given less cash then I wanted.,wrong_amount_of_cash_received,retrait
"Hello, I didn't receive the right amount on my ATM transaction,  the app shows the correct amount how can we fix this",wrong_amount_of_cash_received,retrait
"I think something went wrong, I didn't get the right amount.",wrong_amount_of_cash_received,retrait
What do I do if I got the wrong amount at the ATM?,wrong_amount_of_cash_received,retrait
I did not receive the right amount of cash I requested,wrong_amount_of_cash_received,retrait
I asked for more cash than what was received,wrong_amount_of_cash_received,retrait
I requested $100 but only got $20,wrong_amount_of_cash_received,retrait
"I took out cash from the ATM, but something must have went wrong, My account shows the correct amount of cash I took out, but the ATM didn't give me that amount. How do I get my money back?",wrong_amount_of_cash_received,retrait
I tried withdrawing but my cash is not showing up?,wrong_amount_of_cash_received,retrait
I was not able to receive the correct amount of cash.,wrong_amount_of_cash_received,retrait
The correct amount of cash was not received.,wrong_amount_of_cash_received,retrait
I am so angry right now!  I went to the ATM and did not get the correct amount of money I chose to withdraw.  How could this happen?  I need my money and want to know how I can get it ASAP!,wrong_amount_of_cash_received,retrait
The atm didn't give me all my cash,wrong_amount_of_cash_received,retrait
I did not ask for the amount of cash that I received.,wrong_amount_of_cash_received,retrait
Got only $20 when I tried to withdraw $100.,wrong_amount_of_cash_received,retrait
The ATM gave me less cash than requested,wrong_amount_of_cash_received,retrait
Yikes!  I didn't get the amount of money that I requested.  What do I do now?,wrong_amount_of_cash_received,retrait
I selected to withdrawal 30 pounds but only received 10. I'm still standing in front of the ATM. The app shows i took out 30 pounds also. How do i fix this?,wrong_amount_of_cash_received,retrait
"I asked for $40 and I only received $20, what happened?",wrong_amount_of_cash_received,retrait
Why didn't I get the amount I requested at the ATM?,wrong_amount_of_cash_received,retrait
I did not get all the cash at ATM.,wrong_amount_of_cash_received,retrait
Why did I get less cash than what I asked in the ATM?,wrong_amount_of_cash_received,retrait
I was not distributed the correct amount of cash that I asked for,wrong_amount_of_cash_received,retrait
i did not get any money but still was charged,wrong_amount_of_cash_received,retrait
You shorted me money when I tried to make a withdrawal.,wrong_amount_of_cash_received,retrait
i asked for 100 only got 80,wrong_amount_of_cash_received,retrait
Cash withdrawal was incorrect at ATM.,wrong_amount_of_cash_received,retrait
How can we correct a mistake on an ATM transaction?  The app shows what I should have gotten.,wrong_amount_of_cash_received,retrait
The ATM didn't give me what I asked for but my balance says it did,wrong_amount_of_cash_received,retrait
I got less cash than what I specified for through the ATM.,wrong_amount_of_cash_received,retrait
What happened! I asked for 30 pounds at your ATM and only go 10. The machine lied about it too. It said I received the full 30 pounds. Someone better help me asap on this.,wrong_amount_of_cash_received,retrait
A wrong amount of cash we sent to me.,wrong_amount_of_cash_received,retrait
I withdrew $100 but only received $20,wrong_amount_of_cash_received,retrait
"Hey I am standing in front of an ATM here, it only gave me 10 pounds even though I wanted to withdraw 30! Seems like the app has 30 pounds, what do I do??",wrong_amount_of_cash_received,retrait
$20 came out instead of $100,wrong_amount_of_cash_received,retrait
The cash I asked for still hasn't been received,wrong_amount_of_cash_received,retrait
I wanted $100 but only got $20,wrong_amount_of_cash_received,retrait
Where'd the rest of my cash go from the ATM,wrong_amount_of_cash_received,retrait
I got less cash at the ATM than I asked for. Why?,wrong_amount_of_cash_received,retrait
My cash withdrawal was not entirely complete,wrong_amount_of_cash_received,retrait
The ATM is messed up. It gave me less than I wanted.,wrong_amount_of_cash_received,retrait
I was only given $20 when I tried to get $100,wrong_amount_of_cash_received,retrait
I tried pulling out money at the ATM and it gave me an incorrect amount back.,wrong_amount_of_cash_received,retrait
Why did I only get $20 when I asked for $100?,wrong_amount_of_cash_received,retrait
The amount of cash i have received is not correct.,wrong_amount_of_cash_received,retrait
How can I get my money that I didn't get from the ATM?,wrong_amount_of_cash_received,retrait
"Hi, Today i have withdrawn cash from ATM but i got wrong amount and in the app it is showing much more amount than that.",wrong_amount_of_cash_received,retrait
I didn't get all the money I asked for,wrong_amount_of_cash_received,retrait
I asked for cash but I did not receive all the funds,wrong_amount_of_cash_received,retrait
"I am at the ATM and tried to withdraw 30 pounds and it only gave me 10 pounds, what do I do?",wrong_amount_of_cash_received,retrait
I did not receive all of my cash back,wrong_amount_of_cash_received,retrait
I got some cash but it wasn't the right amount.,wrong_amount_of_cash_received,retrait
"I got less than what i asked for in the ATM, why?",wrong_amount_of_cash_received,retrait
The machine only paid me a hundred when I wanted 20,wrong_amount_of_cash_received,retrait
Why am I being a charged for using my card?,card_payment_fee_charged,frais
Tell me why there is a fee for a card payment.,card_payment_fee_charged,frais
I don't understand why I'm being charged for using my card.,card_payment_fee_charged,frais
I paid with my card so so why was I charged a transaction fee?,card_payment_fee_charged,frais
"I shouldn't have been charged but I see a fee, why?",card_payment_fee_charged,frais
"i made a payment with my card and was charged a fee, why would you do that",card_payment_fee_charged,frais
A fee came along with me paying with card,card_payment_fee_charged,frais
Why is there a fee when I thought there would be no fees?,card_payment_fee_charged,frais
Why are there fees for using a card?,card_payment_fee_charged,frais
I had to pay money for paying with my card.,card_payment_fee_charged,frais
I paid with card and was charged a fee that shouldn't be there!,card_payment_fee_charged,frais
Why was my transaction charged an extra fee when paying with my card?,card_payment_fee_charged,frais
"Where can I find out the fee structure for my account? I have been charged fees for some transactions, but not for other ones. I can't find a pattern in these fees.",card_payment_fee_charged,frais
"On a card payment, why is there a fee?",card_payment_fee_charged,frais
Why did I get charged a fee for my card payment?,card_payment_fee_charged,frais
Why was I charged a fee for using my card,card_payment_fee_charged,frais
I got charged a service fee on my account. Can it be waived since I didn't know about it before?,card_payment_fee_charged,frais
I'm being charged for using my card!,card_payment_fee_charged,frais
I bought something with my card and I was charged a fee,card_payment_fee_charged,frais
Can you explain why my payment was charged a fee?,card_payment_fee_charged,frais
I have a fee showing from last time I used my card.,card_payment_fee_charged,frais
Why is this fee being charged to me after using my card?,card_payment_fee_charged,frais
"Why wasn't it obvious that you charge for payments? If you put the fees in an easy to read format, this could have been avoided.",card_payment_fee_charged,frais
Is it normal to be charged an extra fee when paying with my card?,card_payment_fee_charged,frais
Why was there a fee for paying by card?,card_payment_fee_charged,frais
There was an extra charge when I used my card,card_payment_fee_charged,frais
"I paid with my card and got charged an extra fee, what's up with that?",card_payment_fee_charged,frais
I used my card and there was a fee,card_payment_fee_charged,frais
"I am tired of getting charged fees, and I have no idea why, please let me know what/when you charge fees for.",card_payment_fee_charged,frais
Why am I getting a fee on a card payment?,card_payment_fee_charged,frais
I noticed that i got charged extra for using the card.,card_payment_fee_charged,frais
Can you explain why I am now getting charged a fee for using my card?,card_payment_fee_charged,frais
"There are multiple instances where you added a fee to the payment, as well as some where you didn't. Do you have an outline of when a fee will be added?",card_payment_fee_charged,frais
I have been charged a fee that I didn't know about. Why have you charged me extra for card payments?,card_payment_fee_charged,frais
I got a fee when paying with my card,card_payment_fee_charged,frais
why is there a fee for a payment on my card?,card_payment_fee_charged,frais
What was I charged a fee for card payment?,card_payment_fee_charged,frais
I want to see what this fee is on my card payment.,card_payment_fee_charged,frais
Let me know when you charge extra for payments please. I just checked the app earlier when I saw that there was an additional fee on one of the payments that I wasn't warned about before.,card_payment_fee_charged,frais
An extra fee has been added to my card payment is this correct?,card_payment_fee_charged,frais
Why was there an extra charge because I used my card to pay?,card_payment_fee_charged,frais
I paid with my card and was charged extra,card_payment_fee_charged,frais
I was charged and shouldn't have been charged when using my card!,card_payment_fee_charged,frais
tell me why I was charged more with my card?,card_payment_fee_charged,frais
"I have been charged a fee, I didn't know about this fee before! When do you charge extra for card payments?",card_payment_fee_charged,frais
I was spending cash with my card and got a fee.,card_payment_fee_charged,frais
Why have I been charged a fee for card payment?,card_payment_fee_charged,frais
Why do some of my payments have fees?  I don't understand.,card_payment_fee_charged,frais
I paid with my card and I was charged a fee,card_payment_fee_charged,frais
Why does it cost more to pay with my card?,card_payment_fee_charged,frais
Is there a place to check for fee for payments? I feel like I'm getting charged too much at times.,card_payment_fee_charged,frais
"I am getting charged fees on some payments.  Please help me understand, where are these fees disclosed?",card_payment_fee_charged,frais
Why was the price higher when I paid with my card?,card_payment_fee_charged,frais
I didn't know I was going to get charged to use my card.,card_payment_fee_charged,frais
I have been charged an extra fee when buying from your store. Why is this?,card_payment_fee_charged,frais
Was I charged extra for using my card?,card_payment_fee_charged,frais
Let me know when applying extra charges for payments. I just checked the app and saw a fee that I wasn't warned about.,card_payment_fee_charged,frais
Why was I charged an additional fee when paying with card?,card_payment_fee_charged,frais
Why did I get charged extra?,card_payment_fee_charged,frais
I paid with card and I was charged a fee,card_payment_fee_charged,frais
I was charged for using my card?,card_payment_fee_charged,frais
How was I charged extra when I used my card to pay?,card_payment_fee_charged,frais
When do i get charged a fee for using the card?,card_payment_fee_charged,frais
"I see I was charged extra when I used the card.  I am not sure why, please tell me why.",card_payment_fee_charged,frais
Why was I charged a fee for my card payment?,card_payment_fee_charged,frais
Let me know when you charge for payments. I just checked the app and saw a fee that I wasn't warned about.,card_payment_fee_charged,frais
Why is there a fee on a card payment?,card_payment_fee_charged,frais
I don't think I should have been charged a fee to use my card.,card_payment_fee_charged,frais
A fee that shouldn't be there is there after using my card!,card_payment_fee_charged,frais
"How do I see what fees I am supposed to be charged on my account? I've noticed fees on some transactions, but not on others. This is very confusing and I cannot find a pattern to what I am being charged?",card_payment_fee_charged,frais
I see a fee that I think was charged because I paid by card.,card_payment_fee_charged,frais
What are the fees imposed when I make a transaction?,card_payment_fee_charged,frais
Why was a fee added to my bill when I used my card?,card_payment_fee_charged,frais
I was charged a fee when buying stuff with my card.,card_payment_fee_charged,frais
Why am I charged an extra fee on my card?,card_payment_fee_charged,frais
Why did I get charged more for using my card?,card_payment_fee_charged,frais
I recently bought an item using my card and I was charged an extra fee why is this?,card_payment_fee_charged,frais
Why was I charged a fee for debit or credit card payment?,card_payment_fee_charged,frais
Why was an extra charge added when I used my card?,card_payment_fee_charged,frais
Why is there a fee associated with card use?,card_payment_fee_charged,frais
Why am I being charged a fee on a card payment?,card_payment_fee_charged,frais
I noticed an extra fee when I paid with my card.,card_payment_fee_charged,frais
"There was an extra fee when I paid with my card, why was i charged this extra fee?",card_payment_fee_charged,frais
what is this extra charge with my purchase?,card_payment_fee_charged,frais
Hello! I randomly got charged an extra fee today as i was shopping online and i have no idea why! Are there extra fees for card payments? Or am i missing something here?,card_payment_fee_charged,frais
Please explain the extra fee when I paid with the card.,card_payment_fee_charged,frais
When do you charge fees on accounts? I just saw a charge on my statement.,card_payment_fee_charged,frais
Why am I being charged a hidden fee?,card_payment_fee_charged,frais
Can you explain why I was charged extra when I used the card?,card_payment_fee_charged,frais
Do you have charges now when you pay with a card?,card_payment_fee_charged,frais
What is the extra fee that was added when I used the card?,card_payment_fee_charged,frais
How do I know which payments I make will have additional fees? Where can I find this information online?,card_payment_fee_charged,frais
I am worried that too much time has gone by for a transfer to be completed.,transfer_not_received_by_recipient,virement
What is the time frame that it usually takes for a transfer to come through? I have a friend needing it immediately but it has yet to come through.,transfer_not_received_by_recipient,virement
"How long does it typically take a transfer to go through?  I sent some money to a friend earlier today, and she really needs it.  It still is a pending transfer, even though I sent it a few hours ago.",transfer_not_received_by_recipient,virement
I sent money to a person and they haven't received the payment yet.,transfer_not_received_by_recipient,virement
I do not know where the transaction is.,transfer_not_received_by_recipient,virement
I transferred money but the recipient does not see the funds in their account?,transfer_not_received_by_recipient,virement
The app isn't showing my transactions,transfer_not_received_by_recipient,virement
"A transaction I did to my friend hasn't arrived yet, why?",transfer_not_received_by_recipient,virement
Where is my last money transaction,transfer_not_received_by_recipient,virement
I made a transfer the day before yesterday within this country. It is still not showing up at all. I have double-checked and the account number is certainly right. I've actually type this multiple times. can you look into what is going on here?,transfer_not_received_by_recipient,virement
How long will it take for my transfer to arrive?,transfer_not_received_by_recipient,virement
I sent a payment but it isn't showing up in the app,transfer_not_received_by_recipient,virement
I made a transfer and they haven't received the money I sent them.,transfer_not_received_by_recipient,virement
"I sent money to someone but they haven't gotten it, what's going on?",transfer_not_received_by_recipient,virement
"How long does it take for transfers to process?  I sent funds to a friend, and she says that she has not yet received anything.",transfer_not_received_by_recipient,virement
I am just waiting on the completion of the transaction.,transfer_not_received_by_recipient,virement
I need to check status as my friend hasn't got money I sent.,transfer_not_received_by_recipient,virement
How long does it take for money to transfer?  I sent some to a friend and it hasn't gone through yet.,transfer_not_received_by_recipient,virement
Why hasn't the transaction I did to my friend arrived yet?,transfer_not_received_by_recipient,virement
What is the length of a transaction completion?,transfer_not_received_by_recipient,virement
I need to transfer some money to a friend who is in urgent need of some fast cash. How long will it take before she can use that money?,transfer_not_received_by_recipient,virement
Where did the money transfer go?,transfer_not_received_by_recipient,virement
When will the transaction be done?,transfer_not_received_by_recipient,virement
Why is it taking so long for a transfer to complete!,transfer_not_received_by_recipient,virement
Why is my transfer taking so long to complete?,transfer_not_received_by_recipient,virement
I am just waiting for the transaction to be completed.,transfer_not_received_by_recipient,virement
How long do I have  to wait for my transaction to be completed?,transfer_not_received_by_recipient,virement
Why hasn't my friend received the money i sent them yet?,transfer_not_received_by_recipient,virement
I sent money for my rent to my landlord but she is claiming it hasn't arrived in her account  Can you trace the transfer I made to make sure it arrived so I can provide proof I sent it and that it has been deposited?,transfer_not_received_by_recipient,virement
Why didn't my friend's transaction arrive yet?,transfer_not_received_by_recipient,virement
I transferred some money but it is not here yet,transfer_not_received_by_recipient,virement
Why hasn't a transaction I did to my friend arrived yet?,transfer_not_received_by_recipient,virement
"I can't see if the transfer I did a couple days ago is in my account yet. I double checked my info before sending, too. Can you check this?",transfer_not_received_by_recipient,virement
My transfer has not arrived.,transfer_not_received_by_recipient,virement
How long does it take for the transfer to go through?,transfer_not_received_by_recipient,virement
Why can't the person I sent the money transfer to see it?,transfer_not_received_by_recipient,virement
The money has not yet been placed in recipients account.,transfer_not_received_by_recipient,virement
I'm getting concerned here.  I sent a friend some money and she isn't seeing it.  What's going on?,transfer_not_received_by_recipient,virement
The recipient doesn't see the money transaction I made,transfer_not_received_by_recipient,virement
How long will my transaction take?,transfer_not_received_by_recipient,virement
How long should it take for a transfer to go through? I have been waiting a while.,transfer_not_received_by_recipient,virement
"i accidentally entered in my retailers information, what should i do next",transfer_not_received_by_recipient,virement
I tried doing an in country transfer earlier this week. I thought it would be there by now but I still don't see the money. Can you check the status on my transfer?,transfer_not_received_by_recipient,virement
I transferred some money but it hasn't arrived.,transfer_not_received_by_recipient,virement
I sent money to my family last Friday but they don't have it.,transfer_not_received_by_recipient,virement
Why didn't my transfer get to the recipient?,transfer_not_received_by_recipient,virement
"Hi, I sent my landlord my rent money a few days ago and while everything seems good on my end he says that he never got the money. I double checked the account number and it's correct. Can you help me figure this out?",transfer_not_received_by_recipient,virement
I did a money transaction and dont have a receipt,transfer_not_received_by_recipient,virement
I have a friend who needs money as soon as possibly. If I were to transfer it how long will it take to get to her?,transfer_not_received_by_recipient,virement
Hi - I have made a transaction to my new landlord but unfortunately it shows on my end but not on the landlord's end. The numbers are correct. Can you confirm when that will go through?,transfer_not_received_by_recipient,virement
How long will it take to receive my money from my transfer transaction?,transfer_not_received_by_recipient,virement
My transfer didn't arrive to the recipient,transfer_not_received_by_recipient,virement
The recipient can not locate funds.,transfer_not_received_by_recipient,virement
My new landlord is a lier and is trying to rip me off by saying I've not paid my rent when I have paid my rent.  What is going on?  They say the money hasn't got to them but I see it going out of my account.  Can you check that the money went to the right place?,transfer_not_received_by_recipient,virement
I made a transfer to my friend earlier and she hasn't received it yet.  What's the hold up?,transfer_not_received_by_recipient,virement
"The day before yesterday, I performed a transfer within the country. It still has not completed. Can you check on that? The account number is definitely correct, as I've checked.",transfer_not_received_by_recipient,virement
"I have checked the account information several times to be sure that it is correct, but the in country transfer I did a few days ago still has not appeared! What is the hold up?",transfer_not_received_by_recipient,virement
Why doesn't the person I sent money to see that transfer yet?,transfer_not_received_by_recipient,virement
How long will it be  before the person I sent money to is able to see it?,transfer_not_received_by_recipient,virement
I'm still awaiting for the completion of the transaction.,transfer_not_received_by_recipient,virement
I sent some money and the account hasn't recived the transfer I made.,transfer_not_received_by_recipient,virement
I transferred some money to a friend of mine who urgently needs some money right now. How long will it take to get to her?,transfer_not_received_by_recipient,virement
"I need to verify a payment to my new landlord. I transferred the first rent payment a few days ago. While it shows on my side, the landlord is saying he hasn't received it yet. Can you verify that it has processed?",transfer_not_received_by_recipient,virement
"I've been waiting since Friday, where is my money?",transfer_not_received_by_recipient,virement
I sent some money but the intended recipient says it hasn't arrived,transfer_not_received_by_recipient,virement
Could you please help me?  I made my rent payment and have double checked that I sent it to the right account.  The person receiving it says he has not received it but it shows complete on my side.,transfer_not_received_by_recipient,virement
"I just transferred my friend money, but she hasn't received it yet, and it's been a few hours. Can you tell me when to expect it to go through?",transfer_not_received_by_recipient,virement
My recipient hasn't received the money,transfer_not_received_by_recipient,virement
I just sent money but the person I sent it to doesn't see it. What happened?,transfer_not_received_by_recipient,virement
Why isn't the transfer I made to a friend showing?,transfer_not_received_by_recipient,virement
Why is my friend not getting a transaction arrival yet?,transfer_not_received_by_recipient,virement
How long will a transaction to a friend take?,transfer_not_received_by_recipient,virement
Why hasn't my in country transfer gone through yet? I confirmed the account info a couple days ago but the payment hasn't been posted yet.,transfer_not_received_by_recipient,virement
"I completed a transfer within the UK two days ago, but it is still not showing received.  I have verified the account number is correct already.  Is there anything else I need to do or is there a problem?",transfer_not_received_by_recipient,virement
I sent a transfer to a friend that needs it urgently. It has already been 2 hours and still hasn't come through to her. How long does it normally take?,transfer_not_received_by_recipient,virement
the money i transferred didnt arrive,transfer_not_received_by_recipient,virement
"I sent some money to somebody a couple of hours ago, and they still have yet to receive it.  They really need the money, how much longer are they going to have to wait?",transfer_not_received_by_recipient,virement
How long do transfers take? I sent money to a friend who needs it urgently. It's been hours and has not gone through.,transfer_not_received_by_recipient,virement
Which currencies do you accept for adding money?,supported_cards_and_currencies,carte
Can you tell me what currencies I can use to add money?,supported_cards_and_currencies,carte
With what currencies can I add money?,supported_cards_and_currencies,carte
what cards and currencies are accepted?,supported_cards_and_currencies,carte
How can I top up my card with another card?,supported_cards_and_currencies,carte
use my credit to add money,supported_cards_and_currencies,carte
What types of currencies do you accept?,supported_cards_and_currencies,carte
Do you accept any card and currency?,supported_cards_and_currencies,carte
can i use my mastercard to add money to my account,supported_cards_and_currencies,carte
What types of cards and money do you accept?,supported_cards_and_currencies,carte
How can I fund another account with my American Express?,supported_cards_and_currencies,carte
What currencies do you accept to add money?,supported_cards_and_currencies,carte
How can I top up my account and which currency can I use?,supported_cards_and_currencies,carte
Will my other US credit card be accepted?,supported_cards_and_currencies,carte
What are the currencies and cards that are supported with my account?,supported_cards_and_currencies,carte
What currency can I use to add money?,supported_cards_and_currencies,carte
Can you tell me what cards and currencies you support?,supported_cards_and_currencies,carte
I only have one other credit card from the US. Do you accept that?,supported_cards_and_currencies,carte
What currencies are approved to add money?,supported_cards_and_currencies,carte
I want to use a payment card to top up my account. How can I do this?,supported_cards_and_currencies,carte
I'd prefer to use my American Express when putting funds into my account.,supported_cards_and_currencies,carte
What currencies can I use?,supported_cards_and_currencies,carte
what cards can i use to add money to my account,supported_cards_and_currencies,carte
What currencies and methods can i use to top up my account?,supported_cards_and_currencies,carte
Do you accept credit cards from the US,supported_cards_and_currencies,carte
"I am adding money, what currencies do you accept to do this?",supported_cards_and_currencies,carte
why wont my american express work to add money,supported_cards_and_currencies,carte
Which currencies can I use to add money?,supported_cards_and_currencies,carte
Can I use any card and currency?,supported_cards_and_currencies,carte
What US cards do you accept?  I only have 1 other.,supported_cards_and_currencies,carte
I have a second credit card from the US. Will you take it?,supported_cards_and_currencies,carte
Can I top off with a debit card?,supported_cards_and_currencies,carte
"I want to deposit funds, what payments are accepted?",supported_cards_and_currencies,carte
Are cards from the US accepted?,supported_cards_and_currencies,carte
Please let me know what currency I can use to top up my account?,supported_cards_and_currencies,carte
Do you accept all cards and currencies?,supported_cards_and_currencies,carte
Which credit card top-ups do you accept?,supported_cards_and_currencies,carte
"If I top up by card, what options do I have re: currency and card type?",supported_cards_and_currencies,carte
"I want to add money to my card, what payments do you accept?",supported_cards_and_currencies,carte
Can I electronically transfer funds into my account from my American Express?,supported_cards_and_currencies,carte
Can I top up my card with other cards?,supported_cards_and_currencies,carte
I have one other credit card from the US. Do you take it?,supported_cards_and_currencies,carte
What are the cards and currencies that you support?,supported_cards_and_currencies,carte
What currencies do you accept for adding money to my account?,supported_cards_and_currencies,carte
I have an American Express that I'd like to add money to my account with.,supported_cards_and_currencies,carte
What forms of payment do you accept?,supported_cards_and_currencies,carte
"I want to top up by using a credit card, which ones do you support?",supported_cards_and_currencies,carte
What cards and currencies can I use to top up my account?,supported_cards_and_currencies,carte
"Will you accept my credit card, it my only one.",supported_cards_and_currencies,carte
"If I want to add funds to the account using American Express, how do I do that?",supported_cards_and_currencies,carte
I just have one additional card from the USA. Do you support that?,supported_cards_and_currencies,carte
Why doesn't it work when I use American Express to try to add money to my account?,supported_cards_and_currencies,carte
Help me use American Express to add money to the account.,supported_cards_and_currencies,carte
What other credit cards can I use?,supported_cards_and_currencies,carte
how can i add money from my amex card,supported_cards_and_currencies,carte
I only have a card from the US is that okay?,supported_cards_and_currencies,carte
Which currencies do you work with?,supported_cards_and_currencies,carte
"For adding money, which currencies do you accept?",supported_cards_and_currencies,carte
Can you tell me which cards and currencies are supported?,supported_cards_and_currencies,carte
What card or currency can I use to pay?,supported_cards_and_currencies,carte
do you accept from usa credit card?,supported_cards_and_currencies,carte
Do you have a list of the cards and currencies supported?,supported_cards_and_currencies,carte
What are the various currencies and cards that you offer support for?,supported_cards_and_currencies,carte
What currencies can be used for top up?,supported_cards_and_currencies,carte
What are the currencies that are accepted to add money?,supported_cards_and_currencies,carte
What kind of cards an currency do you support?,supported_cards_and_currencies,carte
Do you accept US credit cards?,supported_cards_and_currencies,carte
I need to know if you will accept my credit card.,supported_cards_and_currencies,carte
I want to add funds to my account. What payment methods are accepted?,supported_cards_and_currencies,carte
"I need to order a new virtual card, how do I do that?",getting_virtual_card,carte
How can I sign up for a virtual card?,getting_virtual_card,carte
I haven't received my virtual card yet!!,getting_virtual_card,carte
Can you give me a virtual card?,getting_virtual_card,carte
I want to get my hands on one of those virtual cards!,getting_virtual_card,carte
want to know how to get virtual card,getting_virtual_card,carte
Where is my virtual card?,getting_virtual_card,carte
I don't have a virtual card - how do I get one?,getting_virtual_card,carte
How to receive virtual card?,getting_virtual_card,carte
Where do I order a virtual card?,getting_virtual_card,carte
Can i have a virtual card?,getting_virtual_card,carte
Please explain to me the process of getting a virtual card.,getting_virtual_card,carte
my virtual card has not came yet!,getting_virtual_card,carte
Which part of the app do I order virtual cards from?,getting_virtual_card,carte
Where do I have access to a virtual card?,getting_virtual_card,carte
Where do I get a virtual card?,getting_virtual_card,carte
Why haven't I been given a virtual card yet?,getting_virtual_card,carte
Can you help me find the virtual card?,getting_virtual_card,carte
How do I go about getting hold of a virtual card?,getting_virtual_card,carte
Where's my virtual card,getting_virtual_card,carte
How can I go about ordering a virtual card?,getting_virtual_card,carte
Where can i find the virtual card?,getting_virtual_card,carte
How can I obtain a virtual card?,getting_virtual_card,carte
I'm interested in getting a virtual card.  How do I get one?,getting_virtual_card,carte
What is the way to go about getting a virtual card?,getting_virtual_card,carte
How can I receive a virtual card?,getting_virtual_card,carte
When will my virtual card arrive?,getting_virtual_card,carte
how to get virtual card,getting_virtual_card,carte
What is the best way to get my virtual card?,getting_virtual_card,carte
"I need to make a purchase online, where is my virtual card?",getting_virtual_card,carte
"how many virtual cards can i have, i want 8",getting_virtual_card,carte
How do I get a virtual card on my device?,getting_virtual_card,carte
How do I access the virtual card?,getting_virtual_card,carte
Do I get to have one of those virtual cards I've heard about?,getting_virtual_card,carte
I would love one of the virtual cards!,getting_virtual_card,carte
I would like to order a virtual card.,getting_virtual_card,carte
Why have I not received a virtual card yet?,getting_virtual_card,carte
Can you assist me in acquiring a virtual card?,getting_virtual_card,carte
How come I didn't get a virtual card yet?,getting_virtual_card,carte
And do you have virtual cards instead of physical ones?,getting_virtual_card,carte
How do I go about getting a virtual card?,getting_virtual_card,carte
When will I get a virtual card? I haven't gotten one yet,getting_virtual_card,carte
Where can I order my virtual card?,getting_virtual_card,carte
How can I locate the virtual card?,getting_virtual_card,carte
How long do you have to wait to see your virtual card your ordered?,getting_virtual_card,carte
I want to get a virtual card!,getting_virtual_card,carte
How to access my virtual card,getting_virtual_card,carte
Where do i go to receive a virtual card,getting_virtual_card,carte
Please let me know how to place an order for a virtual card,getting_virtual_card,carte
I ordered a virtual card but it hasn't come through yet,getting_virtual_card,carte
"I have lost my card, but need to place an online order! How do I get a virtual card instantly?",getting_virtual_card,carte
I've got to have one of those virtual cards.,getting_virtual_card,carte
Where is my virtual card located?,getting_virtual_card,carte
Why have I not yet received my virtual card?,getting_virtual_card,carte
Where would I order a virtual card?,getting_virtual_card,carte
I need my virtual card,getting_virtual_card,carte
I heard you have virtual cards. How do I get one?,getting_virtual_card,carte
explain the virtual card,getting_virtual_card,carte
why hasn't my virtual card come yet?,getting_virtual_card,carte
Is there a way to order a virtual card on the website?,getting_virtual_card,carte
Is there an alternative to a physical card?,getting_virtual_card,carte
"I did not get my virtual card yet, Why?",getting_virtual_card,carte
Where do I find a virtual card?,getting_virtual_card,carte
Is there anywhere I can't use my card?,card_acceptance,carte
How do I know where I can use my card?,card_acceptance,carte
Are there businesses that don't accept this card?,card_acceptance,carte
Is the card welcomed by everybody?,card_acceptance,carte
Do you have a list of businesses that accept this card?,card_acceptance,carte
This card is accepted by what businesses?,card_acceptance,carte
Will this card work all over the world?,card_acceptance,carte
WHAT IS THE ATMOSPHERE OF IT,card_acceptance,carte
Can I pay online with my card?,card_acceptance,carte
Do you know which businesses will accept my card?,card_acceptance,carte
You accepts my card?,card_acceptance,carte
Is my card accepted anywhere?,card_acceptance,carte
where is card accepted,card_acceptance,carte
Is my card valid everywhere?,card_acceptance,carte
Which establishments will accept my card?,card_acceptance,carte
Are there limits to businesses that will accept this card?,card_acceptance,carte
Is there a list of where I can use my card?,card_acceptance,carte
What are the limits to where my card will be accepted?,card_acceptance,carte
Can I use my card wherever I want?,card_acceptance,carte
Where can I use my card to pay?,card_acceptance,carte
Are there any limits to were my card is accepted?,card_acceptance,carte
Can I use my card while on vacation overseas?,card_acceptance,carte
Are there any places that won't take my card?,card_acceptance,carte
Which merchants accept my card?,card_acceptance,carte
You can use it anywhere that accepts Mastercard.,card_acceptance,carte
Are there any restrictions to where I can use my card?,card_acceptance,carte
What places accept my card?,card_acceptance,carte
Can I use my card no matter where I go?,card_acceptance,carte
How can I know where my card will be accepted?,card_acceptance,carte
Can I pay with my card anywhere?,card_acceptance,carte
Where can I use this card?,card_acceptance,carte
What businesses can I use this card with?,card_acceptance,carte
Do all businesses take this card?,card_acceptance,carte
Where is this card accepted?,card_acceptance,carte
Can i use this card at any store?,card_acceptance,carte
Are there any restrictions on where I use this card?,card_acceptance,carte
I think my top up has been reverted,top_up_reverted,rechargement
Has my top-up gone through?,top_up_reverted,rechargement
I went to top up my card and it was cancelled.,top_up_reverted,rechargement
I believe my top up was reverted.,top_up_reverted,rechargement
"My money is gone. I had topped up recently and saw it was there and went through, but now it's disappeared, what's going on?",top_up_reverted,rechargement
"Hello, I have tried using crypto top up but it is not working. I had some money in my account but I'm not sure what happened",top_up_reverted,rechargement
What happened to my top-up? It was all done and now it's gone! Are you having problems with your system?,top_up_reverted,rechargement
Seems like my top up has been cancelled,top_up_reverted,rechargement
My top-up was cancelled and I am writing to ask if I need to complete the 3D Secure authentication section before I submit it.,top_up_reverted,rechargement
Why would my top up be reverted?,top_up_reverted,rechargement
"I tried to make a top-up and it was canceled, why is that?",top_up_reverted,rechargement
The app declined my top up. What did I do wrong?,top_up_reverted,rechargement
Is there a reason my top-up has been cancelled?,top_up_reverted,rechargement
I need someone to find out where my money has gone to? It has disappeared. I completed a top up earlier and seen it had went through. Since it has now disappeared I need to know what's going on.,top_up_reverted,rechargement
"For some reason, the money I added was returned.",top_up_reverted,rechargement
Why did my top-up get reverted?,top_up_reverted,rechargement
Why won't my top up go through?,top_up_reverted,rechargement
"My money is gone :( I had topped up recently and saw it was there and went through, but now it's disappeared, what's going on?",top_up_reverted,rechargement
What is the status of my top up?,top_up_reverted,rechargement
"When I top-up, the app reverts it.",top_up_reverted,rechargement
Why has my top up been cancelled,top_up_reverted,rechargement
What's the problem? I thought you offered crypto top up. This doesn't appear to be working at all. My money has now vanished from my account.,top_up_reverted,rechargement
"I thought you offer crypto top up but it doesn't seem to be right ? Money just disappeared from my account, How it would work ?",top_up_reverted,rechargement
Why is my top-up showing as cancelled?,top_up_reverted,rechargement
Why does my top-up get cancelled?,top_up_reverted,rechargement
"My money is gone. I had topped up recently and saw it was there, but now it's disappeared, what's going on?",top_up_reverted,rechargement
My top up was rejected. Why?,top_up_reverted,rechargement
I thought crypto top up with something you offer. This is not working. The money has been deducted from my account. Can you find out what's going on?,top_up_reverted,rechargement
Why was my top up cancelled?,top_up_reverted,rechargement
top up cancellation,top_up_reverted,rechargement
I topped up and now my money is not there anymore! What happened to it?,top_up_reverted,rechargement
Why has my money disappeared? I topped up earlier and seen it was there and had went through. What seems to be the problem?,top_up_reverted,rechargement
When I topped up the app reverted it.,top_up_reverted,rechargement
Why was my top-up declined?,top_up_reverted,rechargement
Why wasn't my top-up accepted and where did that money go? At first it said it was confirmed but now I can't find it.,top_up_reverted,rechargement
Why has my top-up been returned to my account?,top_up_reverted,rechargement
"I'm having an issue with transaction. I topped up my account and saw it went through, but that was a few days ago and the money isn't in my account any more. What's up with that?",top_up_reverted,rechargement
What reasons could cause my top up to be reverted,top_up_reverted,rechargement
What if my top up is reverted?,top_up_reverted,rechargement
I need to know what's going on. I was under the impression you offered cryto top up which doesn't seem to be working and money has just vanished from my account.,top_up_reverted,rechargement
My top-up was just cancelled.,top_up_reverted,rechargement
Can you explain to me why a top up would be reverted?,top_up_reverted,rechargement
My automatic top-up was unsuccessful,top_up_reverted,rechargement
"Hello. I tried doing a topup and I thought it worked, but now the money is no longer in my account. Can you explain?",top_up_reverted,rechargement
Do you support top ups?,top_up_reverted,rechargement
Why did my top-up not go through?,top_up_reverted,rechargement
I thought crypto top up with something you offered and it does not appear that it's working even though the money has disappeared out of my account. Can you tell me what's going on?,top_up_reverted,rechargement
The app reversed a top off I had.  What should I do?,top_up_reverted,rechargement
Why have my top ups been canceled?,top_up_reverted,rechargement
"What did you do with my money??? I just topped up, I saw the money was there, but now it's gone!! What did you do with it?",top_up_reverted,rechargement
I want to know why my top-up was reverted,top_up_reverted,rechargement
I am unable to use my top-up on the app. Could you explain this to me?,top_up_reverted,rechargement
"So, I was under the impression that you have an offer for crypto top up. This doesn't seem to be working. Now, the money has just disappeared from my account. What is the deal?",top_up_reverted,rechargement
My money disappeared! Please help??,top_up_reverted,rechargement
It appears my top-ups have been canceled.,top_up_reverted,rechargement
"I attempted to complete a topup, and I thought all was well, but now the money is gone again. Has there been a glitch?",top_up_reverted,rechargement
"My money has gone missing. I had recently added money in, and saw it was there and went through. Now it's missing. What is happening?",top_up_reverted,rechargement
"I tried to add a topup to my account but the money isn't there, anymore. Did I do something wrong?",top_up_reverted,rechargement
Why has my top up been returned?,top_up_reverted,rechargement
"Hello,  I have recharged topup but account is not credited. Please help me in this, i guess there is some defect in system.",top_up_reverted,rechargement
Reverted top up,top_up_reverted,rechargement
"Hae, I already completed my 3D secure authentication when I tried the crypto top up but it's still not working for me. I also don't understand what happened to the money in my account",top_up_reverted,rechargement
Can you tell me why my top-up was canceled?,top_up_reverted,rechargement
Why is my last cheque deposit taking so long?,balance_not_updated_after_cheque_or_cash_deposit,rechargement
"I tried using a check to update my balance, but it isn't work? Is something wrong?",balance_not_updated_after_cheque_or_cash_deposit,rechargement
I put some cash into my account but it's not displaying that on my balance.,balance_not_updated_after_cheque_or_cash_deposit,rechargement
"Hi, I want to inquire about my balance. Some cash was deposited and it hasn't updated yet.",balance_not_updated_after_cheque_or_cash_deposit,rechargement
I deposited a check yesterday and im not seeing it posted yet in my account. why is that? can you look into it?,balance_not_updated_after_cheque_or_cash_deposit,rechargement
"I made a deposit a couple of days back it's, as of yet, not gone in! It would be ideal if you assist me with this",balance_not_updated_after_cheque_or_cash_deposit,rechargement
"my balance has not changed, despite depositing a cheque",balance_not_updated_after_cheque_or_cash_deposit,rechargement
Why is my money not in my account. I have already sent it out.,balance_not_updated_after_cheque_or_cash_deposit,rechargement
I placed a cash deposit in my account but I can't see it yet.,balance_not_updated_after_cheque_or_cash_deposit,rechargement
I'm not seeing my cash deposit showing up in my account.,balance_not_updated_after_cheque_or_cash_deposit,rechargement
Last week I put a cash deposit into my account and it is still isn't there.,balance_not_updated_after_cheque_or_cash_deposit,rechargement
"I put some money in my account the other day and it's not gone in yet, can you help with this?",balance_not_updated_after_cheque_or_cash_deposit,rechargement
I did a cash deposit to my account but it doesn't show up,balance_not_updated_after_cheque_or_cash_deposit,rechargement
"I deposited money in the form of a cheque, but my balance has not increased.",balance_not_updated_after_cheque_or_cash_deposit,rechargement
Why is my deposit still pending?,balance_not_updated_after_cheque_or_cash_deposit,rechargement
I just deposited cash to my account and can't find it!,balance_not_updated_after_cheque_or_cash_deposit,rechargement
Online banking is not showing my cheque or cash deposit so the balance is incorrect.,balance_not_updated_after_cheque_or_cash_deposit,rechargement
What happens if I deposit a cheque accidentally?,balance_not_updated_after_cheque_or_cash_deposit,rechargement
Why isn't my cheque deposit showing on my account?  I though it would be faster and would like to to look into it and help.,balance_not_updated_after_cheque_or_cash_deposit,rechargement
When will my deposit from this morning show up?,balance_not_updated_after_cheque_or_cash_deposit,rechargement
My balance doesn't show my deposit.,balance_not_updated_after_cheque_or_cash_deposit,rechargement
My account balance doesn't reflect an update I made by cheque yesterday. Is something wrong or is the system slow?,balance_not_updated_after_cheque_or_cash_deposit,rechargement
Why isn't my cash deposit showing up in my account?,balance_not_updated_after_cheque_or_cash_deposit,rechargement
I've already sent the money out and still have not received money in my account.,balance_not_updated_after_cheque_or_cash_deposit,rechargement
I placed a cheque but the funds aren't there,balance_not_updated_after_cheque_or_cash_deposit,rechargement
"I am worried about the amount of my cheque, which should be credited to my account few days before. As i have already sent you the cheque.",balance_not_updated_after_cheque_or_cash_deposit,rechargement
I need my account checked because it appears there is a problem. I attempted to update my balance yesterday using cheque but it doesn't seem to have worked.  Should this not be faster than this?,balance_not_updated_after_cheque_or_cash_deposit,rechargement
I've deposited a check but the cash isn't showing that it's there yet.,balance_not_updated_after_cheque_or_cash_deposit,rechargement
Waiting for the cash I deposited this morning still,balance_not_updated_after_cheque_or_cash_deposit,rechargement
"I put cash in my account, but I don't see it.",balance_not_updated_after_cheque_or_cash_deposit,rechargement
"I Submitted a cheque couple of days ago, nothing happened to my account yet.What could be the possible issue?",balance_not_updated_after_cheque_or_cash_deposit,rechargement
Why is the cash not showing in my account for the check I deposited?,balance_not_updated_after_cheque_or_cash_deposit,rechargement
When will the check I deposited post to my account?,balance_not_updated_after_cheque_or_cash_deposit,rechargement
Dude I put money in the ATM last week but it ain't there! I need the money now figure this out!,balance_not_updated_after_cheque_or_cash_deposit,rechargement
How long does it take for a cheque to post to your account?,balance_not_updated_after_cheque_or_cash_deposit,rechargement
Why has my account balance not changed after depositing a cheque?,balance_not_updated_after_cheque_or_cash_deposit,rechargement
Why is my balance still the same after a cheque deposit?,balance_not_updated_after_cheque_or_cash_deposit,rechargement
Why isn't my balance updating after depositing cheques and cash.,balance_not_updated_after_cheque_or_cash_deposit,rechargement
My cash deposit isn't in my account. What happened?,balance_not_updated_after_cheque_or_cash_deposit,rechargement
I updated by balance with a cheque yesterday but it isn't showing on my account. Did something go wrong?,balance_not_updated_after_cheque_or_cash_deposit,rechargement
"Help! I'm missing money, I deposited a cheque but its not showing on my balance.",balance_not_updated_after_cheque_or_cash_deposit,rechargement
I made a deposit but it is not showing up in my balance.,balance_not_updated_after_cheque_or_cash_deposit,rechargement
I sent a cheque a few days ago and i noticed that no money has been put on my account. Can you please tell me the situation of my account?,balance_not_updated_after_cheque_or_cash_deposit,rechargement
The cheque I deposited isn't showing in my account,balance_not_updated_after_cheque_or_cash_deposit,rechargement
Why isn't my cash deposit showing up in my account? I deposited it this morning.,balance_not_updated_after_cheque_or_cash_deposit,rechargement
"I deposited a cheque, why isn't my balance showing that I did?",balance_not_updated_after_cheque_or_cash_deposit,rechargement
Why hasn't my cash arrived from a deposited check?,balance_not_updated_after_cheque_or_cash_deposit,rechargement
"Hi,  My money has not been credited to my account for which i have sent you cheque few days before. I am worried about the money please let me know the status.",balance_not_updated_after_cheque_or_cash_deposit,rechargement
Why am I not seeing the check I deposited this morning in my account?,balance_not_updated_after_cheque_or_cash_deposit,rechargement
Do you guys accept cash? Because i deposited some this morning and I can't see it in my account.,balance_not_updated_after_cheque_or_cash_deposit,rechargement
"I had a cheque deposited, but I don't see my money yet?",balance_not_updated_after_cheque_or_cash_deposit,rechargement
My balance is not right. It has not been updated for the cash or cheque deposit.,balance_not_updated_after_cheque_or_cash_deposit,rechargement
"After I deposited my cash, I still don't see it in my account.",balance_not_updated_after_cheque_or_cash_deposit,rechargement
"I deposited a check yesterday and Im not seeing it in my account. i need the money, is there something wrong with my account? check it out please",balance_not_updated_after_cheque_or_cash_deposit,rechargement
My cheque deposit didn't seem to work.,balance_not_updated_after_cheque_or_cash_deposit,rechargement
I still do not see the cash deposit in my account from last week. Why?,balance_not_updated_after_cheque_or_cash_deposit,rechargement
After depositing a cheque my balance did not change.,balance_not_updated_after_cheque_or_cash_deposit,rechargement
Cash has been deposited this morning but it hasn't came through.,balance_not_updated_after_cheque_or_cash_deposit,rechargement
"My mother deposited a cheque into my account last week, why is it still not showing up?",balance_not_updated_after_cheque_or_cash_deposit,rechargement
Why hasn't my balance been updated from the check deposit I made?,balance_not_updated_after_cheque_or_cash_deposit,rechargement
Where is the money I put in the bank?,balance_not_updated_after_cheque_or_cash_deposit,rechargement
I haven't received the cash from the check I deposited.,balance_not_updated_after_cheque_or_cash_deposit,rechargement
After trying to update my account balance yesterday by cheque it doesn't seem to working. Shouldn't the process be quicker? I need my account looked at because there appears to be a problem.,balance_not_updated_after_cheque_or_cash_deposit,rechargement
What is going on? My balance still hasn't updated and it has been two weeks since I deposited my money!,balance_not_updated_after_cheque_or_cash_deposit,rechargement
Why isn't my money from a check deposit showing?,balance_not_updated_after_cheque_or_cash_deposit,rechargement
How long should a cheque deposit take to show? My account hasn't updated and I want to make sure everything is okay.,balance_not_updated_after_cheque_or_cash_deposit,rechargement
The cash deposit I made this morning has not been credited to my account,balance_not_updated_after_cheque_or_cash_deposit,rechargement
"I did a cash deposit to my account, but I am not seeing it on my statement.",balance_not_updated_after_cheque_or_cash_deposit,rechargement
How long does it take to show a deposit I made to my balance?,balance_not_updated_after_cheque_or_cash_deposit,rechargement
I deposited cash into my account and I'm having trouble seeing it on my account.,balance_not_updated_after_cheque_or_cash_deposit,rechargement
I deposited money but my balance hasn't been updated yet.,balance_not_updated_after_cheque_or_cash_deposit,rechargement
"I deposited cash this morning, but it is not yet available.",balance_not_updated_after_cheque_or_cash_deposit,rechargement
The cast deposit from a week ago still is not in my account. Why?,balance_not_updated_after_cheque_or_cash_deposit,rechargement
How long do deposits take to appear? I've been waiting for more than a week and need the money!,balance_not_updated_after_cheque_or_cash_deposit,rechargement
I am still awaiting the money I put into my account this morning.,balance_not_updated_after_cheque_or_cash_deposit,rechargement
I made a check and cash deposit that wasn't credited to my account.,balance_not_updated_after_cheque_or_cash_deposit,rechargement
When will I receive the cash payment from the check I deposited?,balance_not_updated_after_cheque_or_cash_deposit,rechargement
My cheque is slow to cash,balance_not_updated_after_cheque_or_cash_deposit,rechargement
Why haven't I seen the cash from the cheque I deposited yet?,balance_not_updated_after_cheque_or_cash_deposit,rechargement
My cheque is taking a while,balance_not_updated_after_cheque_or_cash_deposit,rechargement
I made a cash deposit to my account but i don't see it,balance_not_updated_after_cheque_or_cash_deposit,rechargement
The check I deposited yesterday isn't listed yet.  Isn't that pretty slow?  I need to see the balance increased by that check.,balance_not_updated_after_cheque_or_cash_deposit,rechargement
where is my money from this morning,balance_not_updated_after_cheque_or_cash_deposit,rechargement
"I deposited a cheque, but the balance hasn't changed yet.",balance_not_updated_after_cheque_or_cash_deposit,rechargement
My account balance has not updated since I deposited a cheque recently.,balance_not_updated_after_cheque_or_cash_deposit,rechargement
How long does a check take to show up in the account balance?,balance_not_updated_after_cheque_or_cash_deposit,rechargement
Why hasn't my account updated?,balance_not_updated_after_cheque_or_cash_deposit,rechargement
"I deposited a cheque with some money, but the balance hasn't changed.",balance_not_updated_after_cheque_or_cash_deposit,rechargement
"I deposited a cheque, but my account balance stayed the same.",balance_not_updated_after_cheque_or_cash_deposit,rechargement
I made a check deposit but the cash hasn't arrived in my account yet.,balance_not_updated_after_cheque_or_cash_deposit,rechargement
When will my balance reflect a deposit?,balance_not_updated_after_cheque_or_cash_deposit,rechargement
I made a cash deposit to my account but it is not there,balance_not_updated_after_cheque_or_cash_deposit,rechargement
I deposited a cheque and its been days and I still haven't received the cash!!,balance_not_updated_after_cheque_or_cash_deposit,rechargement
"I deposited some money, but the balance has not changed.",balance_not_updated_after_cheque_or_cash_deposit,rechargement
There's a payment with my card that I didn't perform. I don't know that name shown.,card_payment_not_recognised,paiement
Help! In the app there is a payment that I don't remember.,card_payment_not_recognised,paiement
there is a charge i dont recognize,card_payment_not_recognised,paiement
I do not recognize the card payment.,card_payment_not_recognised,paiement
"If I see a payment in the app that I don't recognize, what should I do?",card_payment_not_recognised,paiement
I do not recognise the card payment.,card_payment_not_recognised,paiement
I need some help now please! There are some transactions on my account that I do not remember purchasing. Can they be reversed? Can you please cancel or freeze my card so I don't keep getting charged?!,card_payment_not_recognised,paiement
my statement contains an unknown payment,card_payment_not_recognised,paiement
I don't recognize what this payment on my statement would be for.,card_payment_not_recognised,paiement
A payment on my statement is wrong.,card_payment_not_recognised,paiement
There's a payment that isn't mine on my app,card_payment_not_recognised,paiement
"I don't recognize this payment on my app, I am sure I didn't spend any money there.",card_payment_not_recognised,paiement
Why is there a random payment in my statement?,card_payment_not_recognised,paiement
"Hi, there is a suspicious payment from my card. I definitely do not know who this is or who could have made this payment.",card_payment_not_recognised,paiement
A payment I didn't do shows in my app,card_payment_not_recognised,paiement
I'm noticing a payment/purchase at a company that I don't recognise.,card_payment_not_recognised,paiement
I need to freeze my card as soon as possible. I just checked my account and saw that there have been several payments that I don't recognize over the course of a few days. Can we investigate and get my money back?,card_payment_not_recognised,paiement
Please help.  There is a payment in the app that isn't mine.,card_payment_not_recognised,paiement
I am seeing in the App a payment that its not mine,card_payment_not_recognised,paiement
There's a payment in the app I don't recognize.,card_payment_not_recognised,paiement
"Hello, i just checked my statement and there seems to be a payment from my card that I have never seen before.",card_payment_not_recognised,paiement
Is it possible someone has access to my card? I noticed that there are a couple of payments in the app I'm sure I did not make. Can you find out what's going on here?,card_payment_not_recognised,paiement
There are some card payments that I haven't done myself. What is going on with my card and does somebody else have access to my card?,card_payment_not_recognised,paiement
I have a payment in my statement that is off,card_payment_not_recognised,paiement
I did not do this payment,card_payment_not_recognised,paiement
I have a payment I didnt make on my account,card_payment_not_recognised,paiement
There is an unauthorized payment in my statement.,card_payment_not_recognised,paiement
"There are a couple payments with my card shown in the app that i really make myself. What's going on with this, maybe someone has access to my card?!",card_payment_not_recognised,paiement
I don't recognize this payment at all!  Help!,card_payment_not_recognised,paiement
There is a record of payment I never submitted on the app.,card_payment_not_recognised,paiement
I just looked over my statement and I don't recognize the name of a card payment.,card_payment_not_recognised,paiement
i didnt do this charge,card_payment_not_recognised,paiement
There is a payment that is not mine in the App.,card_payment_not_recognised,paiement
why do I have an unknown payment?,card_payment_not_recognised,paiement
I've got charges on my account I did not authorize. Can I get this money back from the last couple of days that it's been coming out? I also need to freeze my card.,card_payment_not_recognised,paiement
There is a payment made with my card that I don't recognize at all.,card_payment_not_recognised,paiement
There's a payment with my card that I definitely didn't create. I don't know anyone by that name.,card_payment_not_recognised,paiement
The App shows a fraudulent payment made on my account.,card_payment_not_recognised,paiement
My app shows a payment I didn't make,card_payment_not_recognised,paiement
I don't know if I made this payment on my card.,card_payment_not_recognised,paiement
A payment shows up on the app that I never made.,card_payment_not_recognised,paiement
I swear that there are 2 payments on the app that I didn't make.  Could my card me stolen?  Please advise what I should do.,card_payment_not_recognised,paiement
I did not make this payment that I see in the App.,card_payment_not_recognised,paiement
i disagree with a charge,card_payment_not_recognised,paiement
There was a purchase on my card recently to a name that I don't recognize at all. What can be done about this? I need my money back.,card_payment_not_recognised,paiement
"One of my card payments, I don't recognise the name of the merchant.",card_payment_not_recognised,paiement
I do not recognise this card payment.,card_payment_not_recognised,paiement
I have a card payment that I don't recognize. What should I do?,card_payment_not_recognised,paiement
There is a payment with my card which i definitely did not do.,card_payment_not_recognised,paiement
I just checked my account on the App and there is a payment on there that I did not make.,card_payment_not_recognised,paiement
I didn't make this payment and it's on my app,card_payment_not_recognised,paiement
Why is there an uknown charge showing on my account?,card_payment_not_recognised,paiement
There is a weird payment in my statement.,card_payment_not_recognised,paiement
I see a strange payment in my account.,card_payment_not_recognised,paiement
where is my unknown payment from?,card_payment_not_recognised,paiement
I didn't do a payment and I have it now.,card_payment_not_recognised,paiement
how do i dispute a payment I didnt make,card_payment_not_recognised,paiement
There is a payment in the app that I did not approve,card_payment_not_recognised,paiement
I don't recognize a charge on my statement.,card_payment_not_recognised,paiement
There are a couple payments with my card in the app I see that I didn't create. What is happening? Maybe someone gained access to my account.,card_payment_not_recognised,paiement
I'm not recognizing the card payment.,card_payment_not_recognised,paiement
There is a payment done with my card which i definitely did not do.Never seen that name before.,card_payment_not_recognised,paiement
Why is there a payment I didn't do?,card_payment_not_recognised,paiement
Someone else accessed my account and made a payment.,card_payment_not_recognised,paiement
I have an odd payment in my statement,card_payment_not_recognised,paiement
I have a confusing payment appear on my statement and I don't recognise it!,card_payment_not_recognised,paiement
I didn't make a payment that shows in my app.,card_payment_not_recognised,paiement
on my statement there is a payment that I don't recognise,card_payment_not_recognised,paiement
i dont recognize a charge on my card,card_payment_not_recognised,paiement
There are a couple of payments with my card shown in the app that I really didn't make myself. Why is it happened?,card_payment_not_recognised,paiement
There is a card payment that I'm not recognizing.,card_payment_not_recognised,paiement
I am here to change my adress.,edit_personal_details,compte
I would like to change my name after marriage.,edit_personal_details,compte
My address details have changed and I want to update them,edit_personal_details,compte
"I need to change my name, since i just got married",edit_personal_details,compte
How can I change my address?,edit_personal_details,compte
My last name has changed and I need to update my account details.,edit_personal_details,compte
where can I change my address?,edit_personal_details,compte
How can I change my name because I just got married?,edit_personal_details,compte
I just moved. How do I give you my new address?,edit_personal_details,compte
How can I change my name in my profile?,edit_personal_details,compte
My billing address changed and I need to update my information.,edit_personal_details,compte
How do I change the details in my account?,edit_personal_details,compte
I would like to change my address.,edit_personal_details,compte
need my details changed,edit_personal_details,compte
I've just got married and want to change my name.,edit_personal_details,compte
How do I edit my details?,edit_personal_details,compte
I need to change my last name on my account because I just got married.,edit_personal_details,compte
after i got married i need to change my name,edit_personal_details,compte
should i contact customer support if i can't edit details,edit_personal_details,compte
Need to report a change of address.,edit_personal_details,compte
I need to add my new address now that I've moved.,edit_personal_details,compte
I would like to alter my personal details.,edit_personal_details,compte
Can I change my details because I moved?,edit_personal_details,compte
Please tell me where I can update my details since I moved.,edit_personal_details,compte
how to change name on account,edit_personal_details,compte
I need to update my demographics.,edit_personal_details,compte
How can I edit my personal details in the app?,edit_personal_details,compte
"Since I got married, I need to change my name.",edit_personal_details,compte
I need to modify my details.,edit_personal_details,compte
I got a new address and need to change my old one.,edit_personal_details,compte
How to modify my details.,edit_personal_details,compte
Can I change my address?,edit_personal_details,compte
I moved and would like to change my address.,edit_personal_details,compte
Talk me through modifying my details.,edit_personal_details,compte
Can I update my details?,edit_personal_details,compte
I need to update my address.,edit_personal_details,compte
How do I input a new address?,edit_personal_details,compte
How do I edit my personal details?,edit_personal_details,compte
I moved and need to change my address.,edit_personal_details,compte
I moved and need to change my personal information.,edit_personal_details,compte
"My details need to be changed, how can I do so?",edit_personal_details,compte
How do I modify my account details?,edit_personal_details,compte
Can I edit my personal details?,edit_personal_details,compte
What should I do after I've moved and need to update my personal details?,edit_personal_details,compte
Where can I modify my information?,edit_personal_details,compte
How do I change my last name?,edit_personal_details,compte
Why do you have an identity check?,why_verify_identity,compte
I do not feel comfortable verifying my identity.,why_verify_identity,compte
Why on earth do you need so much personal id info from me?,why_verify_identity,compte
DO you know the reason for the identity check?,why_verify_identity,compte
Why do you have the identity check,why_verify_identity,compte
Is getting my identity verified required before I can use my account?,why_verify_identity,compte
Why do you need verification for my identity?,why_verify_identity,compte
Is the identity check part of bank policy?,why_verify_identity,compte
Why is identity verification required?,why_verify_identity,compte
Why is my identification required?,why_verify_identity,compte
Why are you asking so many questions about who I am,why_verify_identity,compte
which identity details are required,why_verify_identity,compte
Should I complete my security verification before I can use my account?,why_verify_identity,compte
Why does my identity need to be verified?,why_verify_identity,compte
Can I still use my account without verifying my identity?,why_verify_identity,compte
I am not comfortable verifying my indentity.,why_verify_identity,compte
what I need to verify my account,why_verify_identity,compte
What's the reason for needing to verify my identity?,why_verify_identity,compte
Why does it matter that I prove my identity?,why_verify_identity,compte
Why do you guys need to verify my identity?,why_verify_identity,compte
Is it really necessary to verify my Identity?,why_verify_identity,compte
What is the first step I need to make for being able to access my account?,why_verify_identity,compte
It's requiring me to verify my identity?,why_verify_identity,compte
Why do you need my name and ID,why_verify_identity,compte
Can I go ahead and use my account even though my identify hasn't been verified yet?,why_verify_identity,compte
Do you think you're asking for too much information about me?,why_verify_identity,compte
Why do you need to know so much about me for my account?,why_verify_identity,compte
How does identity check work?,why_verify_identity,compte
Can I use my account even though the identity verification has not passed yet?,why_verify_identity,compte
What is with the need to have all my ID information?,why_verify_identity,compte
Why is there a verification to identity,why_verify_identity,compte
Why do you need me to verify who I am?,why_verify_identity,compte
Why check my identity?,why_verify_identity,compte
Why do you need me to do an identity check?,why_verify_identity,compte
Am I able to use my account if the identity verification is not complete?,why_verify_identity,compte
Can you explain more about why should I verify my identity?,why_verify_identity,compte
can I use my card before identity verification?,why_verify_identity,compte
Why is there an identity check?,why_verify_identity,compte
What is the purpose for verifying my identity?,why_verify_identity,compte
what are you going to use my identification details for?,why_verify_identity,compte
Why is checking my identity important?,why_verify_identity,compte
how do I speed up identity verification?,why_verify_identity,compte
Why do you need to perform identity verification?,why_verify_identity,compte
Why am I being asked to verify my identity?,why_verify_identity,compte
Why is verifaction required for my Identity?,why_verify_identity,compte
Do you need to know my first and last name?,why_verify_identity,compte
Why do you need so much information about my identity?,why_verify_identity,compte
What if I don't want to disclose all of my identity details?,why_verify_identity,compte
My Identity verification hasn't passed yet is it possible to use my account?,why_verify_identity,compte
Can we skip verifying?,why_verify_identity,compte
Why do you need so much id info from me?,why_verify_identity,compte
What do you do with all the identity information you're collecting from me?,why_verify_identity,compte
Why is verification for my identity needed?,why_verify_identity,compte
Do you need my birthdate?,why_verify_identity,compte
Why is it important to verify my identity?,why_verify_identity,compte
i need to proof my identity to you why and how?,why_verify_identity,compte
Is verifying my identify important?,why_verify_identity,compte
why and how soon do I have to have proof of identity to you?,why_verify_identity,compte
What is identity check?,why_verify_identity,compte
I am afraid to give you all my identify details.,why_verify_identity,compte
Can you help me with proving my identity?,unable_to_verify_identity,compte
Are there any reasons that my identity wouldn't be accepted even though everything I've provided is factual?,unable_to_verify_identity,compte
I can't verify identity through the app.,unable_to_verify_identity,compte
This stupid system is not letting me prove my identity.,unable_to_verify_identity,compte
The app is having trouble verifying my identity.,unable_to_verify_identity,compte
"You will hear back from us about your verification results in 10 minutes to a one hour timeframe.  If these verification results do fail, please double-check to make sure your images are clear and have no glare or blur; your photos need to be fully readable.  You need to be 18 years of age or older and a resident of Switzerland or the European Economic Area to create an account.",unable_to_verify_identity,compte
Unsure how to provide my identity.,unable_to_verify_identity,compte
It can take between 10 minutes to an hour before you hear back from us about the verification result.  Please try again if your verification fails.  Make sure you double check that images are clear and all document photos are readable without blur or glare. You have to be 18 or older and live in the European Economic area or live in Switzerland to be able to open an account.,unable_to_verify_identity,compte
Why isn't my id verifying?,unable_to_verify_identity,compte
Why am I not allowed to verify my id?,unable_to_verify_identity,compte
The app failed to verify my id.,unable_to_verify_identity,compte
I'm unable to verify my identity,unable_to_verify_identity,compte
The app is not able to realize that it is me.,unable_to_verify_identity,compte
I am unable to prove my identity,unable_to_verify_identity,compte
My identity can't be verified for some reason,unable_to_verify_identity,compte
The app does not recognize who I am.,unable_to_verify_identity,compte
"If you are waiting for verification, it can take 10 minutes to 60 minutes to get results.You will hear from us once we have it.  Please make sure your images are clear and photos of documents are readable. you have to be at least 18 years old and live withing the Economic Area of Europe or in Switzerland in order to open an account.",unable_to_verify_identity,compte
Why am I unable to verify my id?,unable_to_verify_identity,compte
"Hearing about your verification results from us may take anywhere from 10 minutes to approximately one hour.  If this verification has in fact, failed, double-check to make sure that your images are clear.  Also make sure that your document photos have no blur or glare. They need to be readable.  You must also be 18 years of age or older and be a resident of Switzerland or the European Economic Area to open an account.",unable_to_verify_identity,compte
I'm having problems with ID verification,unable_to_verify_identity,compte
I am having a problem with verifying my identity.,unable_to_verify_identity,compte
I am not recognized by the app.,unable_to_verify_identity,compte
What do I have to do to prove my identity?,unable_to_verify_identity,compte
What am i missing to verify my id?,unable_to_verify_identity,compte
There is no way for me to prove my identity.,unable_to_verify_identity,compte
I will not be able to verify my identity.,unable_to_verify_identity,compte
How long does it take for my id to verify?,unable_to_verify_identity,compte
What do I do if I can't prove my identity?,unable_to_verify_identity,compte
The app can't verify my information for identity proofing purposes.,unable_to_verify_identity,compte
What should I do if I can't prove my identity.,unable_to_verify_identity,compte
Problem verifying my account,unable_to_verify_identity,compte
I can get my identification verified.,unable_to_verify_identity,compte
I am having trouble with the app recognizing me.,unable_to_verify_identity,compte
How long will it take to verify my account?,unable_to_verify_identity,compte
My app says that I'm not verified.,unable_to_verify_identity,compte
I don't have a way to prove my identity.,unable_to_verify_identity,compte
Why hasn't my ID been verified?,unable_to_verify_identity,compte
The app doesn't think it's me.,unable_to_verify_identity,compte
How long does it take to verify a person's identity?,unable_to_verify_identity,compte
My identity verification is not working.,unable_to_verify_identity,compte
I'm having trouble with proving my identity.,unable_to_verify_identity,compte
It won't let me prove my identity.,unable_to_verify_identity,compte
Why am I unable verify my id?,unable_to_verify_identity,compte
"My identity isn't being accepted, what should I do?",unable_to_verify_identity,compte
Why hasn't the app verified my identity?,unable_to_verify_identity,compte
The app doesn't believe that I am myself,unable_to_verify_identity,compte
"The app isn't letting me log in, but my info is correct.",unable_to_verify_identity,compte
My identity verification isn't working,unable_to_verify_identity,compte
I am having trouble to verify my identity,unable_to_verify_identity,compte
I'm still waiting on my identity verification.,unable_to_verify_identity,compte
Why can't my ID be verified?,unable_to_verify_identity,compte
Help my prove my identity.,unable_to_verify_identity,compte
i am under 18 and i am trying to verify my id. why wont it work?,unable_to_verify_identity,compte
"I'm not sure what to do about the PIN, because I don't have one yet.",get_physical_card,carte
Is my PIN sent separably?,get_physical_card,carte
my pin hasn't arrived in the post! How do I cancel it or get a new one?,get_physical_card,carte
"I have my card, when whill my PIN be available?",get_physical_card,carte
i have yet to get my pin,get_physical_card,carte
Where is my card PIN?,get_physical_card,carte
The card PIN?,get_physical_card,carte
I do not see the card PIN anywhere?,get_physical_card,carte
How will I know my pin number?,get_physical_card,carte
I am not able to see the card PIN anywhere?,get_physical_card,carte
"I don't know my PIN, how can I find that out?",get_physical_card,carte
Where can the pin be located?,get_physical_card,carte
How do I find my PIN?,get_physical_card,carte
Where can I locate my card PIN?,get_physical_card,carte
do i have to wait for a physical card before i get my pin,get_physical_card,carte
How will I receive my PIN?,get_physical_card,carte
My card arrived but I don't know how to get my PIN.,get_physical_card,carte
Where should I look for my PIN number at?,get_physical_card,carte
Do I have a card PIN?,get_physical_card,carte
Where is my PIN located?,get_physical_card,carte
I can't find the PIN.,get_physical_card,carte
What can you tell me about the card PIN?,get_physical_card,carte
Where can I find my card PIN?,get_physical_card,carte
i cannot find my card PIN,get_physical_card,carte
How do I request the PIN?,get_physical_card,carte
I haven't received the PIN yet.,get_physical_card,carte
How is the PIN delivered?,get_physical_card,carte
"Help, I don't know what the PIN is to my card?",get_physical_card,carte
I didn't get a PIN yet. What gives?,get_physical_card,carte
wheres my pin,get_physical_card,carte
When will I have access to my pin number?,get_physical_card,carte
What's my pin number?,get_physical_card,carte
Where do i find my PIN?,get_physical_card,carte
When do I set up my card PIN?,get_physical_card,carte
Can you tell me how to locate my PIN?,get_physical_card,carte
Do i have to wait to get the pin or can i set up a pin,get_physical_card,carte
How do I locate my PIN now that I have my card?,get_physical_card,carte
Where is my PIN?,get_physical_card,carte
Explain the card PIN to me.,get_physical_card,carte
How do I find the PIN?,get_physical_card,carte
Will the PIN come separately?,get_physical_card,carte
Where can I find my PIN? I haven't gotten it yet.,get_physical_card,carte
How do I know what my PIN is?,get_physical_card,carte
How long do I wait for my PIN,get_physical_card,carte
I have not received my pin yet,get_physical_card,carte
How do I get my card PIN?,get_physical_card,carte
I haven't received my PIN yet. Do I need to get it from you?,get_physical_card,carte
Does the PIN come under separate cover?,get_physical_card,carte
Will my pin number be sent with my card?,get_physical_card,carte
How do I get a PIN?,get_physical_card,carte
I haven't been sent my new pin!,get_physical_card,carte
"So, the card PIN?",get_physical_card,carte
can i go into my app to find my pin,get_physical_card,carte
Is the PIN separately delivered?,get_physical_card,carte
do i need to wait for my card before i get pin,get_physical_card,carte
Where do I find my card PIN?,get_physical_card,carte
When do I get my card PIN?,get_physical_card,carte
How is my PIN sent?,get_physical_card,carte
Do you deliver the PIN separately?,get_physical_card,carte
"I'm looking in the App and can't find my PIN, where should I look?",get_physical_card,carte
How do I get started when I get my card?,get_physical_card,carte
Show me where I can see the PIN?,get_physical_card,carte
can i create my own pin right away,get_physical_card,carte
Can you deliver the PIN separately?,get_physical_card,carte
is my pin the same as my passcode,get_physical_card,carte
how do i get a pin for my card,get_physical_card,carte
Is there a way I can have a mastercard?,visa_or_mastercard,carte
is it just visa or can i also use mastercard?,visa_or_mastercard,carte
I do not want a VISA card.,visa_or_mastercard,carte
"I prefer using Mastercard, can I substitute?",visa_or_mastercard,carte
I prefer Mastecard.,visa_or_mastercard,carte
Please give me both a visa and a mastercard.,visa_or_mastercard,carte
Is it possible to get a Visa and Mastercard from you?,visa_or_mastercard,carte
If I can't choose my card type will I be able to use it everywhere?,visa_or_mastercard,carte
Do I get  a mastercard and visa?,visa_or_mastercard,carte
"Can you send me a Mastercard, instead of a Visa?",visa_or_mastercard,carte
Can you issue both a Visa and a Mastercard to me?,visa_or_mastercard,carte
"I am looking to get a Visa credit card, what must I do to achieve this?",visa_or_mastercard,carte
Is there a way I can get a Visa card?,visa_or_mastercard,carte
Can I get the Mastercard?,visa_or_mastercard,carte
Are visa and mastercard accepted,visa_or_mastercard,carte
would a visa or mastercard be more suited to me?,visa_or_mastercard,carte
I am interested in a Visa or Mastercard. Do you offer them?,visa_or_mastercard,carte
is it ok if i use both visa and mastercard,visa_or_mastercard,carte
Do I have a choice for a Mastercard?,visa_or_mastercard,carte
Can I choose from either Visa or Mastercard?,visa_or_mastercard,carte
What card types can I choose from?,visa_or_mastercard,carte
I want to get a Visa,visa_or_mastercard,carte
Can I choose whether I receive a Visa or a Mastercard card?,visa_or_mastercard,carte
Please give me a Mastercard instead.,visa_or_mastercard,carte
Visa or Mastercard?,visa_or_mastercard,carte
Can both Visa and Mastercard be chosen?,visa_or_mastercard,carte
What cards do you offer?,visa_or_mastercard,carte
How can I choose between Visa and Mastercard?,visa_or_mastercard,carte
I prefer to get a Mastercard.,visa_or_mastercard,carte
I'm wanting to get a Visa card today.,visa_or_mastercard,carte
I would like to get both a Visa and MasterCard?,visa_or_mastercard,carte
I'd like to apply for a Visa Card.,visa_or_mastercard,carte
My first choice would be Mastercard.,visa_or_mastercard,carte
Please help me get a Visa card.,visa_or_mastercard,carte
Will the card be a Mastercard or a Visa?,visa_or_mastercard,carte
Can I choose my card scheme?,visa_or_mastercard,carte
"I'd like to get a Visa card, please.",visa_or_mastercard,carte
Can I choose between Mastercard and Visa?,visa_or_mastercard,carte
What type of card can I get?,visa_or_mastercard,carte
Will I get Visa or MasterCard?,visa_or_mastercard,carte
I need a Visa card,visa_or_mastercard,carte
Do you take both Visa and Mastercard?,visa_or_mastercard,carte
Is it possible to get both Visa and Mastercard from you?,visa_or_mastercard,carte
Can I get both a Visa and a Mastercard from you?,visa_or_mastercard,carte
Do you accept Visa or Mastercard?,visa_or_mastercard,carte
"Given a choice, I'd rather have Mastercard.",visa_or_mastercard,carte
can i use both visa and mastercard,visa_or_mastercard,carte
Is it possible to obtain both a Visa and a Mastercard from you?,visa_or_mastercard,carte
Mastercard is preferred to me.,visa_or_mastercard,carte
This transaction needs both a Visa and a Mastercard.,visa_or_mastercard,carte
Could I get a mastercard if that's reasonable?,visa_or_mastercard,carte
I need mastercard as well as visa,visa_or_mastercard,carte
I would like to get a Visa card,visa_or_mastercard,carte
How can I get a Visa and Mastercard?,visa_or_mastercard,carte
Do I get Visa or Mastercard?,visa_or_mastercard,carte
Why did I get a different card then requested?,visa_or_mastercard,carte
I'd prefer a Mastercard.,visa_or_mastercard,carte
Can I have a mastercard?,visa_or_mastercard,carte
How do I get selected for a visa card?,visa_or_mastercard,carte
I hope to get a Visa card,visa_or_mastercard,carte
How can get a Visa card?,visa_or_mastercard,carte
I would prefer a Mastercard.,visa_or_mastercard,carte
Will I get a visa or Mastercard?,visa_or_mastercard,carte
Do you only use Visa or do you have Mastercard too?,visa_or_mastercard,carte
Can I get a Visa card?,visa_or_mastercard,carte
I would like to know if you use Visa or Mastercard.,visa_or_mastercard,carte
Is it acceptable to use either Visa or Mastercard?,visa_or_mastercard,carte
Can I choose what card I can use,visa_or_mastercard,carte
My money I had was gone and I could not get gas!,topping_up_by_card,rechargement
I can't see my top up in my wallet!,topping_up_by_card,rechargement
I want to transfer money using my credit card.,topping_up_by_card,rechargement
"I tried topping up using my card, but the money is gone?",topping_up_by_card,rechargement
How can my friends top up my account?,topping_up_by_card,rechargement
"I used my card to top up, but the money is not there!",topping_up_by_card,rechargement
Is my account able to be topped up by my friends?,topping_up_by_card,rechargement
Can anyone else top-up for me?,topping_up_by_card,rechargement
I tried to top up and suddenly my money disappeared,topping_up_by_card,rechargement
My wallet doesn't show my recent top up.,topping_up_by_card,rechargement
I used my card top-up but all of the money is missing.,topping_up_by_card,rechargement
What do I do to Top up my card?,topping_up_by_card,rechargement
"I tried topping off my account with a card, but the money is not in my account despite the charge going through",topping_up_by_card,rechargement
Is it possible to top up by card?,topping_up_by_card,rechargement
"When I tried to top up using my card, all of the money disappeared.",topping_up_by_card,rechargement
Can i top up by card?,topping_up_by_card,rechargement
With my credit card i would like to transfer money.,topping_up_by_card,rechargement
I don't understanfd how to top up,topping_up_by_card,rechargement
Why can't I see my top up?,topping_up_by_card,rechargement
Is it simple to transfer money using my credit card?,topping_up_by_card,rechargement
Why can't I see the top up I made?,topping_up_by_card,rechargement
Is it possible to transfer money to my credit card?,topping_up_by_card,rechargement
How can I transfer money using my credit card?,topping_up_by_card,rechargement
The money disappeared when I tried to use my card to top up.,topping_up_by_card,rechargement
Top up not available in my wallet.,topping_up_by_card,rechargement
How do I transfer funds directly from my credit card?,topping_up_by_card,rechargement
i need to top up by card.,topping_up_by_card,rechargement
I tried to get gas but my money was gone!,topping_up_by_card,rechargement
How do I top up by card?,topping_up_by_card,rechargement
Will my friends be able to top up my account?,topping_up_by_card,rechargement
I was attempting to top up with my card but the money has vanished!,topping_up_by_card,rechargement
can other people use the app to add money to my account,topping_up_by_card,rechargement
"I tried to top off using the card, but the money just disappeared?",topping_up_by_card,rechargement
Show me how can my friends top up my account.,topping_up_by_card,rechargement
I don't see me 'top up' in my wallet,topping_up_by_card,rechargement
What do I need to do to transfer money with my credit card?,topping_up_by_card,rechargement
what happened to the money after i put in the wrong info and it got declined,topping_up_by_card,rechargement
"Can I add other people to my account, so they can top up?",topping_up_by_card,rechargement
show me how to top up,topping_up_by_card,rechargement
My friends would like to add to my account. What is the procedure?,topping_up_by_card,rechargement
Something is wrong with my top up and I can't see it. How do I find it?,topping_up_by_card,rechargement
How do I top up using my card?,topping_up_by_card,rechargement
What's the process for topping up my card?,topping_up_by_card,rechargement
Can friends I have top-up my account?,topping_up_by_card,rechargement
How do I go about transferring money using my credit card?,topping_up_by_card,rechargement
my top up isnt there yet where do i find it,topping_up_by_card,rechargement
My wallet is empty even though I topped it up an hour ago.,topping_up_by_card,rechargement
Can somebody else top up my account?,topping_up_by_card,rechargement
I'd like to transfer funds using my credit card.,topping_up_by_card,rechargement
How does someone else top up my account,topping_up_by_card,rechargement
I have a new card. How do i top it up?,topping_up_by_card,rechargement
Do i have to top-up with my credit card before I can transfer?,topping_up_by_card,rechargement
I topped up my account but the money isn't there now.,topping_up_by_card,rechargement
How can I use my credit card to transfer money?,topping_up_by_card,rechargement
"I need to transfer some money, can I use my credit card?",topping_up_by_card,rechargement
Why is my 'top up' not showing up in my wallet?,topping_up_by_card,rechargement
Can other people top up my account?,topping_up_by_card,rechargement
Do the disposable cards have any restrictions on them?,disposable_card_limits,carte
How many times can I use a virtual card?,disposable_card_limits,carte
Can I have more disposable cards?,disposable_card_limits,carte
"i tried using a virtual card for a hotel but it didn't work, why not",disposable_card_limits,carte
What are the guidelines for the disposable cards?,disposable_card_limits,carte
Do the disposable cards have a transaction limit?,disposable_card_limits,carte
Can you give me the restrictions of the disposable cards?,disposable_card_limits,carte
How many disposable cards am I allowed to have?,disposable_card_limits,carte
What are the restrictions of the disposable cards?,disposable_card_limits,carte
Can I get a disposable card?  How many can I have?  How often can I use them?,disposable_card_limits,carte
Whats the maximum disposable virtual cards?,disposable_card_limits,carte
How limited is a virtual card?,disposable_card_limits,carte
What are the disposable cards restrictions?,disposable_card_limits,carte
"I need multiple cards per day, and they all have to be disposable.",disposable_card_limits,carte
What is the limit on disposable cards?,disposable_card_limits,carte
Are there a certain amount of transactions i can do with one disposable card?,disposable_card_limits,carte
Is there a limit on how many times I can use a disposable card?,disposable_card_limits,carte
I need to make several disposable cards per day.,disposable_card_limits,carte
What is the number of transactions I get with a disposable card?,disposable_card_limits,carte
How can many disposable cards can I have per day?,disposable_card_limits,carte
Could you tell me about the restrictions that are on the disposable cards?,disposable_card_limits,carte
Do the disposable cards have any restrictions?,disposable_card_limits,carte
I need several cards per day. And I need to be able to throw away all of the cards I make.,disposable_card_limits,carte
How many times can I use my disposable card?,disposable_card_limits,carte
With one disposable card how many transactions can i do?,disposable_card_limits,carte
Is there any limits I should know about if I'm going to use a disposable virtual card?,disposable_card_limits,carte
Are there restrictions on disposable virtual cards?,disposable_card_limits,carte
I have to make several disposable cards per day.,disposable_card_limits,carte
Am I limited on the amount of disposable cards I can possess?,disposable_card_limits,carte
What are some of the restrictions that the disposable cards have?,disposable_card_limits,carte
What are the restrictions on the virtual cards?,disposable_card_limits,carte
How many purchases can I make with one disposable card?,disposable_card_limits,carte
I need to make multiple disposable cards in a day.,disposable_card_limits,carte
How many transactions can I do with my disposable card?,disposable_card_limits,carte
Show me the amount of transactions I can do with a disposable card.,disposable_card_limits,carte
What is the maximum transactions I can use on a disposable card?,disposable_card_limits,carte
Are there any restrictions for the disposable cards that I need to be aware of?,disposable_card_limits,carte
Where can I find a list of descriptions the disposable cards have?,disposable_card_limits,carte
What stipulations do disposable cards entail?,disposable_card_limits,carte
Is there a limit to a disposable virtual card?,disposable_card_limits,carte
Why can't I use a disposable card?,disposable_card_limits,carte
How many active transactions can I make with a disposable card?,disposable_card_limits,carte
Is there a transaction limit for a disposable card?,disposable_card_limits,carte
I need more than one disposable card,disposable_card_limits,carte
I am required to make several disposable cards every day.,disposable_card_limits,carte
I must make several disposable cards every day.,disposable_card_limits,carte
Where can I use a disposable card?,disposable_card_limits,carte
Are there limits on the virtual cards?,disposable_card_limits,carte
How many disposable cards can you own?,disposable_card_limits,carte
Can you tell me more about limits to disposable virtual cards?,disposable_card_limits,carte
How many transactions can I do with a disposable card?,disposable_card_limits,carte
How many payments can I make using a virtual card?,disposable_card_limits,carte
Can you tell me if there are limits to disposable virtual cards?,disposable_card_limits,carte
How many transactions can be made with a disposable card?,disposable_card_limits,carte
"i am not a premium customer but i want a virtual card, how do i get it",disposable_card_limits,carte
I need several disposable cards made per day.,disposable_card_limits,carte
What are the disposable card limits?,disposable_card_limits,carte
I have a disposable virtual card. Is there a limit to how many times I can use it?,disposable_card_limits,carte
Are there any places that I can't use the disposable cards at?,disposable_card_limits,carte
How many disposable cards can I make in a day?,disposable_card_limits,carte
let me know how many disposable cards I can have?,disposable_card_limits,carte
Are there any restrictions on the disposable cards?,disposable_card_limits,carte
What are my limits on disposable cards?,disposable_card_limits,carte
What is the limits on the number of disposable cards I can have?,disposable_card_limits,carte
Who can request disposable cards?,disposable_card_limits,carte
How much transactions do I get with a disposable card?,disposable_card_limits,carte
I think someone is using my card without my permission!,compromised_card,carte
I think my account has been hacked there are charges on there I don't recognize.,compromised_card,carte
I just got an email in confirming my purchase with my card. I login to the mobile app on the card and found out there are several purchase were made without me aware of it. Evidently someone had stole my card information and made these fraudulent purchase. I need the transaction to be reverse and have my card suspended.,compromised_card,carte
How do I stop fraud to my account?,compromised_card,carte
I think someone else is using my card.,compromised_card,carte
Someone might be using my card that is not me.,compromised_card,carte
I sees some suspicious spending on my credit card that I don't recall I had made. What should I do?,compromised_card,carte
There are charges on my card that I haven't purchased.,compromised_card,carte
Someone might be using my card.  What should I do?,compromised_card,carte
Please tell me how you can stop unauthorized payments from being made on my card since on this bill I see that this has happened. There are transactions that I never made from a place I've never been to.,compromised_card,carte
I think that somebody is utilizing my card without my authorization!,compromised_card,carte
"There are a few transaction that I don't recognize, I think someone managed to get my card details and use it.
",compromised_card,carte
Someone has been using my card. There are unfamiliar transactions on there. Can you freeze the card to keep this from happening?,compromised_card,carte
"I can't be sure, but I think that someone may be using my card.",compromised_card,carte
There is unusual activity on my account and I believe someone took my card.,compromised_card,carte
Someone must have found my card details as I don't recognize these transactions.,compromised_card,carte
"I think that someone may be using my card, but I'm not sure,.",compromised_card,carte
I think my card has been used by somebody else since I was never in the little town where some transactions on this bill have come from. Please stop this right away.,compromised_card,carte
I am not sure but someone else might be using my card,compromised_card,carte
What to do if my card has been used without my permission?,compromised_card,carte
Someone used my card without my permission.,compromised_card,carte
think someone is using my card with permission,compromised_card,carte
I see some transactions that I don't recognize.  I think someone stole my details.,compromised_card,carte
"My card info was stolen, what do I do?",compromised_card,carte
"i didnt make these transactions, i think my card details might be stolen",compromised_card,carte
I have transactions that I don't recognize - I think someone is using my card.,compromised_card,carte
"my card details could be stolen, as i didnt make these transactions",compromised_card,carte
What do I do if someone used my card without my permission?,compromised_card,carte
There are transactions that I don't recognize. What do I do if I think someone is using my card?,compromised_card,carte
I noticed my card was used in a small town that I have never been to. Can you stop the card from being used more?,compromised_card,carte
What do I do if I think someone has used my card?,compromised_card,carte
My card was stolen and used to make several purchases. Please freeze my card so no one can use it.,compromised_card,carte
My card information seems to have been stolen! I don't know where these transactions came from and I've never even been to the city where they were made. I need my card blocked ASAP so this person can't keep using my card.,compromised_card,carte
"My card was used without my permission, what do I do?",compromised_card,carte
I have some transactions on my account I did not make. Can you cancel my card and prevent further use.,compromised_card,carte
Someone hacked into my cards account.,compromised_card,carte
How do I report fraud on my card?,compromised_card,carte
How do I order a replacement for stolen card?,compromised_card,carte
"i dont recognise some of these transactions, i think someone has my card details",compromised_card,carte
Somebody used my card without my knowledge!,compromised_card,carte
I think my card has been compromised in some way.,compromised_card,carte
"I might be paranoid, but someone may be using my card.",compromised_card,carte
There are fraudulent charges that I didn't make on my card. Can you please put in the safeguards necessary to stop this from happening anymore?,compromised_card,carte
The card has suffered a security breach.,compromised_card,carte
My card data has been exposed.,compromised_card,carte
Which ATM's can I use to make a withdrawal?,atm_support,retrait
Where is the closest ATM to me?,atm_support,retrait
Which ATMs accept this bill of fare ?,atm_support,retrait
How do I withdraw money?,atm_support,retrait
Can I use my card to withdraw from my account?,atm_support,retrait
Can you tell me where I can withdraw money?,atm_support,retrait
What kind of ATMs would this card be accepted at?,atm_support,retrait
Where can money withdrawals be made?,atm_support,retrait
Do I have to use bank approved ATM's,atm_support,retrait
What ATMs can I use my card at?,atm_support,retrait
What ATM machines allow this card?,atm_support,retrait
Is there a way to find an ATM around me?,atm_support,retrait
Will any ATM's decline my card?,atm_support,retrait
What ATMs can I use my card?,atm_support,retrait
What cash stations take this card?,atm_support,retrait
Where is the nearest Mastercard ATM?,atm_support,retrait
How can I find an ATM that accepts this card?,atm_support,retrait
Which ATMs accept Mastercard?,atm_support,retrait
What ATMs use this card?,atm_support,retrait
What ATMs can I use this card?,atm_support,retrait
Can I get money out of any machine?,atm_support,retrait
Where are the Mastercard ATMs?,atm_support,retrait
need to know places i can withdraw money,atm_support,retrait
The card can be used at which ATMs?,atm_support,retrait
Is there a Mastercard ATM nearby?,atm_support,retrait
Am I limited to what ATM I can use my card?,atm_support,retrait
Tell me what ATMs take this card.,atm_support,retrait
Where is an ATM?,atm_support,retrait
Which locations can I withdraw money from?,atm_support,retrait
Can this card be used at all ATMs?,atm_support,retrait
Are there any ATM's near me that accept this card?,atm_support,retrait
I need help from someone in your department with finding my nearest ATM.,atm_support,retrait
How many ATMs will take this card?,atm_support,retrait
What ATMs can I use this card at?,atm_support,retrait
Where can I find a Mastercard ATM?,atm_support,retrait
Tell me what ATMs use this card.,atm_support,retrait
Which ATMs take the card?,atm_support,retrait
Where is a Mastercard ATM?,atm_support,retrait
I need to know where I can withdraw money.,atm_support,retrait
Where can I find an ATM?,atm_support,retrait
How can I tell if an AMT will take this card?,atm_support,retrait
What ATM locations are near me?,atm_support,retrait
What ATM accepts Mastercard?,atm_support,retrait
Can I withdraw from any ATM?,atm_support,retrait
what is the word?,direct_debit_payment_not_recognised,paiement
Please help my find out why there is an odd direct debit in my records.,direct_debit_payment_not_recognised,paiement
I am seeing in the App a diret debit that its not mine,direct_debit_payment_not_recognised,paiement
There is a Direct Debit that looks suspicious.,direct_debit_payment_not_recognised,paiement
Is there a way for you to find out why my account was deducted from a seller when I didn't approve of it?,direct_debit_payment_not_recognised,paiement
Why is there a direct debit payment on my statement that I didn't do?,direct_debit_payment_not_recognised,paiement
A direct debit payment that I didn't authorise shows up in my app.,direct_debit_payment_not_recognised,paiement
A direct debit payment I didn't do shows in my app,direct_debit_payment_not_recognised,paiement
There was some money taken from my account that I don't remember paying for. Am I able to look up this transaction which was a few weeks ago to see who took out the money? Im not sure I need a refund just want to check to make sure it's legit.,direct_debit_payment_not_recognised,paiement
what is this charge on my card?,direct_debit_payment_not_recognised,paiement
My account shows I made a debit payment to someone that I can't recall and would like to find out who the payment was made to.,direct_debit_payment_not_recognised,paiement
I don't recognize the direct debit payment from the app.,direct_debit_payment_not_recognised,paiement
I was just going over my transactions for the past couple of months and noticed a large type charge that I know I did not make. Even though it's been a while can I please still dispute this?,direct_debit_payment_not_recognised,paiement
There was a charge made on my card from a couple weeks ago and I don't remember making the purchase. Nor do I remember the company itself. Can we trace this at all to confirm if I did it or not?,direct_debit_payment_not_recognised,paiement
How can I get my money back for a payment i didnt make,direct_debit_payment_not_recognised,paiement
A direct debit appears in the app but I didn't authorize it.,direct_debit_payment_not_recognised,paiement
I'm seeing a direct debit payment that is not me.,direct_debit_payment_not_recognised,paiement
I don't know where a direct debit payment came from,direct_debit_payment_not_recognised,paiement
Who do I contact if there is a direct debit that I did not create.,direct_debit_payment_not_recognised,paiement
"There's a weird payment showing in my app that I definitely haven't made myself, as I haven't used the card at all that day. Please cancel that and return my money.",direct_debit_payment_not_recognised,paiement
There is a direct debit fee in the App that I didn't do.,direct_debit_payment_not_recognised,paiement
What do I do about a debit on my account that I didn't make?,direct_debit_payment_not_recognised,paiement
"If I found an error in my account for a transaction I didn't make, how long to I have to dispute it?",direct_debit_payment_not_recognised,paiement
There is a direct debit transaction that I did not authorize,direct_debit_payment_not_recognised,paiement
Can you help me figure out what is going on with a debit payment that is showing up on my account I am not sure is suppose to be there.,direct_debit_payment_not_recognised,paiement
I am seeing a direct debit I wasn't aware of.,direct_debit_payment_not_recognised,paiement
How can I dispute a direct debit transaction?,direct_debit_payment_not_recognised,paiement
"I have an unknown debit charge in my statement, why?",direct_debit_payment_not_recognised,paiement
"I just noticed that I supposedly made a payment to a seller a while back. The problem is, I don't recognize the seller. There must be a way to see who it is or track the payment. Can you do that, because I don't remember this transaction?",direct_debit_payment_not_recognised,paiement
"In my app, a direct debit payment that I didn't do shows up.",direct_debit_payment_not_recognised,paiement
There's an unauthorized direct debit in my app.,direct_debit_payment_not_recognised,paiement
I see a direct debit that isn't mine? How can I get my money back?,direct_debit_payment_not_recognised,paiement
There is a debit transaction on my statement that I did not make,direct_debit_payment_not_recognised,paiement
I didn't set up the direct debit I have,direct_debit_payment_not_recognised,paiement
What do I do if I find a debit charge that I know I didn't do in my billing statement?,direct_debit_payment_not_recognised,paiement
i do not know what this charge is for,direct_debit_payment_not_recognised,paiement
I think I am a victim of fraud.  I noticed there was a charge on my account that I didn't do because I haven't touched my card today.  Can you please reverse the charge and refund my money?,direct_debit_payment_not_recognised,paiement
There is a direct debit charge on my account that I don't recognize.,direct_debit_payment_not_recognised,paiement
"Recently, a few weeks ago there was a transaction made on my account by some seller that I don't recognize. I am very certain that didn't happen  and will like for you to trace back to make sure.",direct_debit_payment_not_recognised,paiement
Someone else charged my card!,direct_debit_payment_not_recognised,paiement
"Am I able to look back at a transaction to see who with drawled some money from my account? I don't remember authorizing this a few weeks ago, but wanted to double check who took the money.",direct_debit_payment_not_recognised,paiement
How do I dispute a direct debit on my account?,direct_debit_payment_not_recognised,paiement
I did not make a direct debit payment as listed on my app,direct_debit_payment_not_recognised,paiement
How do I dispute a debit that I didn't make?,direct_debit_payment_not_recognised,paiement
The app is showing a direct debit payment that I never made,direct_debit_payment_not_recognised,paiement
"I was checking the app for my account and I noticed there is an authorized charge on it.  I haven't used my card today, so I know I didn't do it.  I would like the transaction reversed and the money replaced.",direct_debit_payment_not_recognised,paiement
"Hi, i was checking my old statements and found a discrepancy with a large amount transaction. I am sure it was not done by me. Please let me know if i could raise a dispute as its very late.",direct_debit_payment_not_recognised,paiement
What can I do about a direct debit transaction on my card that I didn't make?,direct_debit_payment_not_recognised,paiement
I need assistance addressing a direct debit that I did not do myself.,direct_debit_payment_not_recognised,paiement
I see a direct debit transaction in my app that I didn't make.,direct_debit_payment_not_recognised,paiement
"I notice a transaction a couple of weeks ago in my account, from a seller that I don't recognize. Is there a way we can trace back the information to make sure it was truly something I did?",direct_debit_payment_not_recognised,paiement
I found a direct debit I would like to dispute,direct_debit_payment_not_recognised,paiement
"I saw money was taken out of my account by a seller a while back. I do not recognize the seller, but I'm pretty certain I didn't make that payment. Can you track who the seller is?",direct_debit_payment_not_recognised,paiement
I would like to dispute a direct debit transaction,direct_debit_payment_not_recognised,paiement
I didn't set up a direct debit payment on my account.,direct_debit_payment_not_recognised,paiement
My account shows a direct debit charge that I have never seen before,direct_debit_payment_not_recognised,paiement
"I just went through a old statement and noticed that a very large payment went through and i did not make it. It was from a few months ago, can I still dispute the payment?",direct_debit_payment_not_recognised,paiement
I have gone through my statements and noticed there is a large payment that I did not make. Can i still dispute the payment? its been a while,direct_debit_payment_not_recognised,paiement
There was a strange transaction made on my account a couple weeks ago by a seller I don't recognize. May you please check on this transaction for me.,direct_debit_payment_not_recognised,paiement
Help!  In the app there is a direct debit that I don't remember.,direct_debit_payment_not_recognised,paiement
Please help me regarding a direct debit in the app that I don't recognize.,direct_debit_payment_not_recognised,paiement
Purchases I did not make are appearing in my bank statement?,direct_debit_payment_not_recognised,paiement
"On my app I can see that a direct debit payment that I didn't do, appears.",direct_debit_payment_not_recognised,paiement
I didn't make the direct debit payment on my account.,direct_debit_payment_not_recognised,paiement
How do I dispute a direct debit that I didn't do?,direct_debit_payment_not_recognised,paiement
Weird Direct Debit payment,direct_debit_payment_not_recognised,paiement
I have an unknown charge.,direct_debit_payment_not_recognised,paiement
What do I do if there is an electronic debit that is not correct?,direct_debit_payment_not_recognised,paiement
There is a payment showing that I know I didn't make. I didn't use my card that day and I'm sure of it. Can you please cancel that transaction and return my money? Thankyou,direct_debit_payment_not_recognised,paiement
after going over my transactions for the last couple of months I noticed a pretty large charge that I know I did not make. I know it's been a while but can I still dispute this charge?,direct_debit_payment_not_recognised,paiement
How can I dispute a direct debit charge on my account?,direct_debit_payment_not_recognised,paiement
I have a direct debit I didn't make,direct_debit_payment_not_recognised,paiement
I have an unauthorized charge.,direct_debit_payment_not_recognised,paiement
A debit came through that I need to dispute.,direct_debit_payment_not_recognised,paiement
I don't know what this Direct Debit payment is.,direct_debit_payment_not_recognised,paiement
I see an unfamiliar Direct Debit payment.,direct_debit_payment_not_recognised,paiement
Can I dispute a debit payment that I am seeing that I didn't make from a couple of months ago?,direct_debit_payment_not_recognised,paiement
There is a direct debit set up that I didn't create.,direct_debit_payment_not_recognised,paiement
I don't know what this Direct Debit payment on my account is for.,direct_debit_payment_not_recognised,paiement
There is a direct debit charge on my account that is not mine.,direct_debit_payment_not_recognised,paiement
There is a direct debit set up that was not authorized by me.,direct_debit_payment_not_recognised,paiement
Why is there a direct debit fee in the App when I didn't do it?,direct_debit_payment_not_recognised,paiement
There is a payment I don't recognise!,direct_debit_payment_not_recognised,paiement
A couple weeks ago there was a debit taken from my account from a transaction I don't recall. Is it possible to trace this transaction to make sure I'm not being scammed?,direct_debit_payment_not_recognised,paiement
What should I do about a direct debit that I did not set up?,direct_debit_payment_not_recognised,paiement
I do not recognize a direct debit payment that I see on my app,direct_debit_payment_not_recognised,paiement
My accounts been charged a payment for something I didn't make.,direct_debit_payment_not_recognised,paiement
looking back on my transactions from a couple of months ago I have noticed a charge that is fairly large that I'm certain was not completed by me. I know it has been a while but can I please dispute this charge?,direct_debit_payment_not_recognised,paiement
I see a direct debit charge that I did not approve,direct_debit_payment_not_recognised,paiement
The app shows Direct Debit payments that I didn't make,direct_debit_payment_not_recognised,paiement
"I know this very late, but I just went through my statements from the last couple months and there's one quite large-ish payment that I definitely haven't made. Is it still possible to dispute it?",direct_debit_payment_not_recognised,paiement
I checked my account and see that funds were deducted from a seller I didn't approve of. Can you help me understand?,direct_debit_payment_not_recognised,paiement
There is a payment showing on my app that I didn't do. Will you please cancel this payment and refund my money ?,direct_debit_payment_not_recognised,paiement
Why is there a direct debit to my account? I didn't do that.,direct_debit_payment_not_recognised,paiement
I am unable to access my app due to forgetting my passcode.,passcode_forgotten,compte
I can't recall my password.,passcode_forgotten,compte
What should I do if I don't know my password?,passcode_forgotten,compte
Need a new passcode.,passcode_forgotten,compte
What are the steps to reset my passcode?,passcode_forgotten,compte
Where do I go to reset the passcode?,passcode_forgotten,compte
I am unaware of what my password is.,passcode_forgotten,compte
I can't remember my passcode.,passcode_forgotten,compte
I forgot my code,passcode_forgotten,compte
Help me.  The passcode doesn't work.,passcode_forgotten,compte
The passcode isn't working for me.,passcode_forgotten,compte
Is there a way to recover my password?,passcode_forgotten,compte
Can you lookup my password?,passcode_forgotten,compte
I forgot my password to get into the app!,passcode_forgotten,compte
Why doesn't my passcode work?,passcode_forgotten,compte
I happened to forget my password,passcode_forgotten,compte
I seem to of forgotten my passcode.,passcode_forgotten,compte
My passcode won't work.,passcode_forgotten,compte
I don't remember my login code,passcode_forgotten,compte
I need a new login code,passcode_forgotten,compte
Help!  I forgot my password.,passcode_forgotten,compte
I happened to forget my passcode,passcode_forgotten,compte
passcode retrieval,passcode_forgotten,compte
My passcode is not being accepted,passcode_forgotten,compte
I can't find my code,passcode_forgotten,compte
My password doesn't work.,passcode_forgotten,compte
My passcode was denied.,passcode_forgotten,compte
"I used to know my password, but not anymore.",passcode_forgotten,compte
Where can I get a new passcode?,passcode_forgotten,compte
I lost the code and can not get into the app. Help!,passcode_forgotten,compte
I think my passcode was changed,passcode_forgotten,compte
How can I reset the passcode if I need to do that?,passcode_forgotten,compte
What do I do if I can't access my passcode?,passcode_forgotten,compte
The app passcode has completely slipped my mind.,passcode_forgotten,compte
Can you help me reset my passcode? I forgot it.,passcode_forgotten,compte
I cannot remember my passcode.,passcode_forgotten,compte
I don't have a password.,passcode_forgotten,compte
Where do I go to reset my passcode?,passcode_forgotten,compte
Is there a way to reset the passcode?,passcode_forgotten,compte
Help! I've forgot my app passcode!,passcode_forgotten,compte
"I need to reset my passcode, this one isn't working",passcode_forgotten,compte
I don't remember my passcode?,passcode_forgotten,compte
Can you tell me my code to get into the app?,passcode_forgotten,compte
"I cannot remember my passcode, is there a way to retrieve it?",passcode_forgotten,compte
What should I do if my passcode won't work?,passcode_forgotten,compte
Lost password,passcode_forgotten,compte
"I'm locked out of my account as I can't remember my code, what do I do now?",passcode_forgotten,compte
"Disaster, I've totally forgotten my passcode, can you help me?",passcode_forgotten,compte
I can't get into the app with the passcode.,passcode_forgotten,compte
I've forgotten my app passcode completely.,passcode_forgotten,compte
I lost my passcode.,passcode_forgotten,compte
I don't know my password anymore.,passcode_forgotten,compte
Instruct me how to reset the passcode.,passcode_forgotten,compte
I can't remember what my password is,passcode_forgotten,compte
I need to reset my passcode. Where do I go to do that?,passcode_forgotten,compte
How can I reset my passcode?,passcode_forgotten,compte
Can someone please help assist me by explaining to me why my pass-code is not working?,passcode_forgotten,compte
I don't have my passcode to access the app.,passcode_forgotten,compte
Can I reset the passcode?,passcode_forgotten,compte
Are there directions to get a new passcode if I forgot mine?,passcode_forgotten,compte
I forgot the code I need to get into the app.,passcode_forgotten,compte
"I don't know what my passcode is, can you help?",passcode_forgotten,compte
Can someone help with my passcode?,passcode_forgotten,compte
"I tried to withdraw cash and got declined, why is that?",declined_cash_withdrawal,retrait
I could not access my money at the ATM,declined_cash_withdrawal,retrait
"i needed money for a night out with the girls but i was declined, why?",declined_cash_withdrawal,retrait
Why was I blocked from withdrawing from the ATM?,declined_cash_withdrawal,retrait
I tried to get funds in hard cash but it was rejected!,declined_cash_withdrawal,retrait
Where did my money go? I'm not able to withdraw it from my ATM.,declined_cash_withdrawal,retrait
Why was my ATM withdrawal cancelled?,declined_cash_withdrawal,retrait
Why can't I get cash out?,declined_cash_withdrawal,retrait
Every ATM I visit is rejecting my card and I don't know why. There should be money on it. Can you check it to see if something is wrong or if I'm doing something wrong?,declined_cash_withdrawal,retrait
The ATM keeps declining my Transaction . I tried two different ATMs already Would you please check if everything is okay with my account?,declined_cash_withdrawal,retrait
Could you tell me why my cash withdrawal was declined?,declined_cash_withdrawal,retrait
Why did I get declined when trying to get cash?,declined_cash_withdrawal,retrait
Why wouldn't the ATM give me my money?,declined_cash_withdrawal,retrait
Why are my withdrawals suddenly being declined?,declined_cash_withdrawal,retrait
Why couldn't I make a withdrawal from the ATM?,declined_cash_withdrawal,retrait
I went to the Notting Hill ATM to use my card the first time for a cash withdrawal but it didn't work. Does this mean that my card isn't working yet?,declined_cash_withdrawal,retrait
The ATM keeps declining my Transaction . I tried two different ATMs already can you please check if everything is okay with my account?,declined_cash_withdrawal,retrait
I needed cash from the ATM but I couldn't get it.,declined_cash_withdrawal,retrait
My ATM withdrawal was declined.,declined_cash_withdrawal,retrait
"Is my card working? It's the first time I tried using it I tried to get money out of an ATM, but got nothing.",declined_cash_withdrawal,retrait
Why was my withdrawal requested cancelled by the ATM?,declined_cash_withdrawal,retrait
"I tried to get money out of the Notting Hill ATM earlier, but wasn't able to. Is my card working okay? It's the first time I tried using it.",declined_cash_withdrawal,retrait
Is my card actually working? It's the first time I tried using it,declined_cash_withdrawal,retrait
Is there a reason why my card was declined when I attempted to withdraw money?,declined_cash_withdrawal,retrait
what is my monthly spending limit because i was refused my money at an atm,declined_cash_withdrawal,retrait
I can't get cash from the ATM!,declined_cash_withdrawal,retrait
Has my account been frozen?  I tried to use my card but the ATM would not dispense cash.,declined_cash_withdrawal,retrait
I tried to withdraw cash from the ATM machine and it did not work. Can you tell me why?,declined_cash_withdrawal,retrait
ATM withdrawal not working.,declined_cash_withdrawal,retrait
I tried using my ATM card at your Notting Hill location today.  It did not work.  Am I doing something wrong?,declined_cash_withdrawal,retrait
"I tried to get money out of an ATM in Notting Hill earlier, but it didn't work. Is my card actually working? It's the first time I tried using it",declined_cash_withdrawal,retrait
Why won't the ATM let me withdraw money?,declined_cash_withdrawal,retrait
I attempted to get cash in the ATM but it was not authorized,declined_cash_withdrawal,retrait
Is there something wrong with my ATM Card?  Tried using it earlier and it did not work.,declined_cash_withdrawal,retrait
Why can't I withdraw cash from this ATM?,declined_cash_withdrawal,retrait
I tried to get cash in the ATM but it was not approved,declined_cash_withdrawal,retrait
totally unacceptable.  I'm stranded with no cash because the ATM wouldn't give me any money!,declined_cash_withdrawal,retrait
"I tried to get money out of the Notting Hill ATM earlier, but I wasn't able to get it to work. Is my card with issue? It's the first time I tried using it.",declined_cash_withdrawal,retrait
Can you please tell me why I cant get money from the ATM?,declined_cash_withdrawal,retrait
"Hello, is there any way to double check my card? I have never had issues with withdraws in the past, but this morning on the way to work it was unexpectedly declined.",declined_cash_withdrawal,retrait
Why am I not able to get cash from the ATM?,declined_cash_withdrawal,retrait
my card was frozen due to putting in the wrong pin too much.  how many tries do i have,declined_cash_withdrawal,retrait
I cant get money out of the ATM with my card.  I just put my card in the ATM but it will not allow me to take any money out.  What do I need to do to fix this?,declined_cash_withdrawal,retrait
Why was I not able to take cash from the ATM?,declined_cash_withdrawal,retrait
"Would you please check my Card. As Withdrawal was working fine so far, but this morning suddenly got declined. Can you please check the problem?",declined_cash_withdrawal,retrait
Why is the ATM not allowing me to get cash?,declined_cash_withdrawal,retrait
Why can I not take out cash?,declined_cash_withdrawal,retrait
I tried to get cash but it was declined!,declined_cash_withdrawal,retrait
The ATM won't let me take out cash,declined_cash_withdrawal,retrait
I'm not able to withdraw money from the ATM but I'm not sure why.,declined_cash_withdrawal,retrait
"I think there may be something wrong with my card. I have never had issues with withdraws before, but this morning on the way to work it was suddenly declined.",declined_cash_withdrawal,retrait
Why can I not get cash from the ATM?,declined_cash_withdrawal,retrait
Why was I not able to get cash from the ATM?,declined_cash_withdrawal,retrait
Why am I not able to withdraw cash from this ATM?,declined_cash_withdrawal,retrait
The atm wouldn't give out cash,declined_cash_withdrawal,retrait
What caused my cash withdrawal to be declined?,declined_cash_withdrawal,retrait
Why wont the ATM give me cash?,declined_cash_withdrawal,retrait
Why do I get declined when I try to withdraw cash?,declined_cash_withdrawal,retrait
"I tried to get money out of the Notting Hill ATM earlier, but I wasn't able to get anything out. Is there a problem with my card? It's the first time I tried using it.",declined_cash_withdrawal,retrait
The ATM wouldn't allow me to withdraw money,declined_cash_withdrawal,retrait
Is there a problem with my account? When I tried to withdraw cash at an ATM I was denied.,declined_cash_withdrawal,retrait
ATM apparently not working?  Couldn't access funds in my account?,declined_cash_withdrawal,retrait
Why is my card being declined at the ATM? I have tried multiple ATMs and i keep running into the same problem. Could you verify that everything is okay with my account?,declined_cash_withdrawal,retrait
Is there something wrong with the ATM? It would not let me pull cash out of my account.,declined_cash_withdrawal,retrait
"The ATM will not let me get cash, WHY?",declined_cash_withdrawal,retrait
Why was my atm withdrawl declined,declined_cash_withdrawal,retrait
Why was my cash withdrawal cancelled at the ATM?,declined_cash_withdrawal,retrait
Why am I unable to withdrawal cash?,declined_cash_withdrawal,retrait
I just had my card get declined at the ATM! I need to get money out but I am unable to.  Why has this happened?,declined_cash_withdrawal,retrait
This is the first time I've tried to get my money out of an ATM and it didn't work. Please give me my money,declined_cash_withdrawal,retrait
Why am I having trouble withdrawing cash?,declined_cash_withdrawal,retrait
"I tried to make a withdrawal from the ATM, but it was cancelled.",declined_cash_withdrawal,retrait
I think I am having an issue with withdraws on my card. It was declined on the way to work this morning. This hasn't happened in the past.,declined_cash_withdrawal,retrait
My ATM withdrawal was cancelled,declined_cash_withdrawal,retrait
"I tried to withdraw some funds from my card, but was declined. How can I get my money?",declined_cash_withdrawal,retrait
I am unable to get cash from the ATM,declined_cash_withdrawal,retrait
I was declined when I tried to take out cash!,declined_cash_withdrawal,retrait
What does it mean when a payment is pending?,pending_card_payment,paiement
The purchase I made is still pending.,pending_card_payment,paiement
Is there a problem with the payment that I see is still pending?,pending_card_payment,paiement
Why does my payment appear as pending?,pending_card_payment,paiement
Why is my payment in pending status?,pending_card_payment,paiement
"I put in a payment a while ago and it has still not cleared and is showing up as ""pending"", how long does it take to clear?",pending_card_payment,paiement
"I initiated a payment a while ago and it is still showing as ""pending"", how long will it take to clear?",pending_card_payment,paiement
Why is my purchase showing as pending?,pending_card_payment,paiement
After making a payment with my card it doesn't seem to have worked. It's just showing to be pending. When will this actually be going through?,pending_card_payment,paiement
Why is my card payment still a pending transaction?,pending_card_payment,paiement
"Card payment is still pending, why is that the case?",pending_card_payment,paiement
How come my card payment is still pending?,pending_card_payment,paiement
I notice there's a pending payment on my card.,pending_card_payment,paiement
Why is my card payment still pending?,pending_card_payment,paiement
Why is my payment still pending?,pending_card_payment,paiement
A card payment on my account is shown as pending.,pending_card_payment,paiement
Why is their a charge pending on my card still?,pending_card_payment,paiement
My card payment says pending and it hasn't changed,pending_card_payment,paiement
I tried to pay through my account but the payment is not going through. What's going on?,pending_card_payment,paiement
What's taking so long for this payment to go through?,pending_card_payment,paiement
It looks like a payment I've made hasn't made it through yet.,pending_card_payment,paiement
My card payment has had the status of pending forever. What is the issue? It should have gone through at some point.,pending_card_payment,paiement
Why hasn't my card payment cleared yet?,pending_card_payment,paiement
What does it mean if my payment is pending?,pending_card_payment,paiement
When will my payment go through?,pending_card_payment,paiement
My card payment still pending,pending_card_payment,paiement
How long does a payment show as pending before i should worry about it?,pending_card_payment,paiement
"My card payment is showing up as pending for a very long time, what's going on with that, it should be going through at some point?",pending_card_payment,paiement
My purchases from this morning are showing up as payment pending. Can you tell me why?,pending_card_payment,paiement
There is a payment that has not processed.,pending_card_payment,paiement
I need to find out why my pending payment hasn't gone through.,pending_card_payment,paiement
I am waiting for a payment to be processed,pending_card_payment,paiement
I don't understand why my card payment is pending.  It has been pending for too long.  Why is this and when might it go through?,pending_card_payment,paiement
I need to know when a payment will actually go through. I completed a payment using my card but it is just showing as pending at this point and it has been a while ago.,pending_card_payment,paiement
I have a card payment that has been pending for some time and would like to know when it is going to go through.,pending_card_payment,paiement
"Hello, I made a payment with my card and it's not working. It's been a while and still says its pending. Can you tell when this will go through?",pending_card_payment,paiement
"Hi,  One of payment is still coming as pending for which i have already paid by card. I guess it did not processed, could you please check and update me.",pending_card_payment,paiement
My purchase from this morning still is pending.,pending_card_payment,paiement
Why is my card payment still listed as pending?,pending_card_payment,paiement
I don't know what pending transaction means.,pending_card_payment,paiement
What does it mean if it says that my payment is pending?,pending_card_payment,paiement
Why are my purchases from this morning still pending?,pending_card_payment,paiement
My card payment has been on pending forever. What is the problem? It should have gone through at some time by now.,pending_card_payment,paiement
Why hasn't my payment gone through?,pending_card_payment,paiement
How long does it actually take my card payment to make it to the account? I've made a payment a couple of days ago but it hasn't moved since.,pending_card_payment,paiement
Why would my payment for my card show as pending?,pending_card_payment,paiement
Why aren't my payment funds available to me?,pending_card_payment,paiement
Is there a problem that makes my payments show pending?,pending_card_payment,paiement
I made a purchase earlier today but it is still listed as pending- when will it go through?,pending_card_payment,paiement
Why didn't my payment process,pending_card_payment,paiement
I have a payment that hasn't went through yet.,pending_card_payment,paiement
I was wondering how long does it take for a payment to go thru? It seems my last payment is stuck and hasn't moved.,pending_card_payment,paiement
Why would my payment still show as pending?,pending_card_payment,paiement
I have a payment which has not been approved.,pending_card_payment,paiement
What does it mean when it says I have a payment pending?,pending_card_payment,paiement
I don't know what a pending payment is.,pending_card_payment,paiement
why do I have a pending payment?,pending_card_payment,paiement
How long does it actually take for a card payment to go through? There's one stuck since a couple of days already that doesn't seem to move,pending_card_payment,paiement
I purchases several items today. Why are they still showing pending?,pending_card_payment,paiement
There is a payment showing as pending and hasn't posted for a few days.  When will it post?,pending_card_payment,paiement
"I have made a payment by my card, and its still pending since a long time. Could you please tell me when it will process.",pending_card_payment,paiement
I completed a payment with my card a while ago. It's still showing up as pending. What time frame does this normally take? It doesn't appear to have worked.,pending_card_payment,paiement
The payment on my card shows as pending.,pending_card_payment,paiement
I made a payment that's pending. Will it go through?,pending_card_payment,paiement
I made a payment that is not yet complete.,pending_card_payment,paiement
Why hasn't my payment shown up yet?,pending_card_payment,paiement
What is the meaning of a pending payment?,pending_card_payment,paiement
My payment is in the app but hasn't gone through yet,pending_card_payment,paiement
How many days does a regular transaction take to complete?  I see a pending payment that hasn't changed in the last several days.,pending_card_payment,paiement
Why hasn't my payment gone through yet?,pending_card_payment,paiement
Is there a reason my payment is still pending?,pending_card_payment,paiement
My credit card payment has been in pending status for a super long time.  I don't get it.  Why is it like this?  When will it go through?,pending_card_payment,paiement
Why hasn't payment gone through yet?,pending_card_payment,paiement
"It says that my payment is pending, what does that mean?",pending_card_payment,paiement
When will my pending payment finish?,pending_card_payment,paiement
"I used my card to make a payment a while ago and its still pending, Why is it taking so long?",pending_card_payment,paiement
How long does it take for a purchase to go from pending to authorised?,pending_card_payment,paiement
"My card has been pending for a while, what should I do?",pending_card_payment,paiement
How long will my payment be pending?,pending_card_payment,paiement
"Someone has stolen my phone, what should I do?",lost_or_stolen_phone,compte
Can I use the app without my phone?,lost_or_stolen_phone,compte
"Someone stole my phone, what is my next step?",lost_or_stolen_phone,compte
"Help, my phone was stolen, please advise!",lost_or_stolen_phone,compte
my phone was lost,lost_or_stolen_phone,compte
I need help- I got mugged yesterday and they took everything so I can't use the app.,lost_or_stolen_phone,compte
I can't find my phone and I'm worried someone is going to use it,lost_or_stolen_phone,compte
I lost my phone! Will my card still work?,lost_or_stolen_phone,compte
I can't use the app because I got mugged yesterday and they took everything. Please help.,lost_or_stolen_phone,compte
Can you tell me what i steps i should take since my card was stolen?,lost_or_stolen_phone,compte
What do I do if my phone was stolen?,lost_or_stolen_phone,compte
What do I do if I can't access the app?,lost_or_stolen_phone,compte
What do I do if my phone is stolen?,lost_or_stolen_phone,compte
I left my phone somewhere and can't use the app.,lost_or_stolen_phone,compte
"I got mugged yesterday and they took everything. I can't use the app, so I need some help.",lost_or_stolen_phone,compte
Please help!  I was mugged and everything stolen.  What do I do to stop them from accessing my account?,lost_or_stolen_phone,compte
I have an emergency and lost my phone.  I need help accessing my account.,lost_or_stolen_phone,compte
"stolen phone, what should i do",lost_or_stolen_phone,compte
My app was on the phone and I was mugged.  What do I do?,lost_or_stolen_phone,compte
I don't have the device I used to log onto the platform so I can't access it.,lost_or_stolen_phone,compte
What should I do if my smart phone is lost or stolen?,lost_or_stolen_phone,compte
Can someone else use my account if they have my phone?  I lost mine.,lost_or_stolen_phone,compte
"phone is gone, what should i do",lost_or_stolen_phone,compte
"I'm currently not in possession of my phone, is it still possible to go about things normally without access to the app?",lost_or_stolen_phone,compte
Is there something that I can do since my phone was stolen yesterday?,lost_or_stolen_phone,compte
Is it possible to access my phone from the hotel/,lost_or_stolen_phone,compte
Someone has taken my phone from my hotel room!,lost_or_stolen_phone,compte
My phone is missing or stolen.,lost_or_stolen_phone,compte
I left my phone at the hotel I was staying at so I can't use the app!,lost_or_stolen_phone,compte
My phone is at the hotel.  How can I use the app?,lost_or_stolen_phone,compte
My cards were stolen,lost_or_stolen_phone,compte
my phone has been stolen by someone,lost_or_stolen_phone,compte
My phone has been stolen.  How can I make sure no one uses my account from it?,lost_or_stolen_phone,compte
Can I use your services without access to the app?,lost_or_stolen_phone,compte
My phone was left behind.  Can I still use my card?,lost_or_stolen_phone,compte
I just replaced my phone so do I have to make a new account?,lost_or_stolen_phone,compte
I don't have my mobile device and am unable to make the payment because I forgot my details.,lost_or_stolen_phone,compte
What do I do if I lost my phone?,lost_or_stolen_phone,compte
Yesterday I had my phone stolen.  Please advise what I should do.,lost_or_stolen_phone,compte
I don't know where my phone is.,lost_or_stolen_phone,compte
What should I do if my phone is lost or stolen?,lost_or_stolen_phone,compte
What do I do if I cannot access the app?,lost_or_stolen_phone,compte
I have lost my phone.,lost_or_stolen_phone,compte
what to do about stolen phone,lost_or_stolen_phone,compte
Help!  I think my phone may be stolen or lost!,lost_or_stolen_phone,compte
"I no longer have my phone with the app, what should I do?",lost_or_stolen_phone,compte
Can I still access the app even though my phone was stolen?,lost_or_stolen_phone,compte
"I cannot get to my app, what should I do?",lost_or_stolen_phone,compte
Yesterday my phone was stolen from me :( What do i need to do about it?,lost_or_stolen_phone,compte
"My phone got stolen, how can I use the app?",lost_or_stolen_phone,compte
"My phone was stolen, what can I do?",lost_or_stolen_phone,compte
I accidentally left my phone at the hotel so now I'm not able to use the app.,lost_or_stolen_phone,compte
What should I do if I lost my phone?,lost_or_stolen_phone,compte
Do I need my phone to use the app?,lost_or_stolen_phone,compte
"left my phone at hotel, cant use app",lost_or_stolen_phone,compte
How do I use my card if I lost my phone?,lost_or_stolen_phone,compte
"My phone was taken yesterday, is there something that I need to do?",lost_or_stolen_phone,compte
"If I lost my phone at the hotel, can I still use the app?",lost_or_stolen_phone,compte
I'm not sure where my phone is.  Can someone else use the app?,lost_or_stolen_phone,compte
"my phone was taken yesterday, what should I do about my account?",lost_or_stolen_phone,compte
"My phone is lost I don't want someone to use my account, what can I do?",lost_or_stolen_phone,compte
My phone has been stolen.,lost_or_stolen_phone,compte
I just replaced my phone but how do I use my card information?,lost_or_stolen_phone,compte
What do I do if my smart phone was stolen?,lost_or_stolen_phone,compte
Do I need to do anything? My phone was stolen yesterday.,lost_or_stolen_phone,compte
My things were stolen and I need to know if I can still use this app.,lost_or_stolen_phone,compte
"lost my phone, what is account security?",lost_or_stolen_phone,compte
"phone is at a hotel, can i still use app",lost_or_stolen_phone,compte
I want to return an item for a refund can I do that?,request_refund,remboursement
Can I request a refund,request_refund,remboursement
"I am not sure how this will work, but I have not received a product I ordered.  I want a refund, but should I just cancel the payment?",request_refund,remboursement
Where do I go for a refund?,request_refund,remboursement
What's the procedure for canceling a purchase?,request_refund,remboursement
I need to cancel a purchase that I made the other day.,request_refund,remboursement
"I need a refund and cancel a transaction on an item I purchased and i need it as soon as possible, please!",request_refund,remboursement
I want to know about your refund policy.,request_refund,remboursement
I am quite aggravated that I ordered online almost a month ago and I never got my package and I paid for it. I would really appreciate it if I could get a full refund back now.,request_refund,remboursement
My product hasn't arrived even though I ordered it a while ago. I want a refund!,request_refund,remboursement
How do I get a refund for something I bought?,request_refund,remboursement
I made a purchase recently but I have decided that I'm not buying it and I need to receive my money back. Can you please give me a refund ASAP. It's extremely urgent.,request_refund,remboursement
Please help me get a refund?,request_refund,remboursement
What is the refund policy?,request_refund,remboursement
I just bought an item and changed my mind.  I have not received it yet how can I get refunded.  Thank you.,request_refund,remboursement
Are refunds allowed for certain items.,request_refund,remboursement
I have an incorrect charge and would like a refund.,request_refund,remboursement
I want a refund on the things i bought,request_refund,remboursement
"If I bought something I didn't like, can I get a refund?",request_refund,remboursement
I bought something that I need a refund for.,request_refund,remboursement
My package is taking too long to arrive and I don't want it anymore. Can I get a refund?,request_refund,remboursement
I would like to cancel my order.,request_refund,remboursement
I want a refund,request_refund,remboursement
"I received the wrong color and size, can I return it?",request_refund,remboursement
Is it possible to get a refund?,request_refund,remboursement
What's your refund policy if I bought an item from you?,request_refund,remboursement
Can I get an item refunded?,request_refund,remboursement
Please help! I need a refund on a transaction on something I bought and I need the refund right away!,request_refund,remboursement
Hello I changed my mind and really need a refund on one of things I bought recently. Can you please cancel the transaction and get me my money back. Pls it's urgent,request_refund,remboursement
How can I get a refund for an item I purchased but has not yet arrived?,request_refund,remboursement
I didn't enjoy my tutor session and want a refund back. How do I go about doing this?,request_refund,remboursement
I would like to cancel my previous purchase.,request_refund,remboursement
I am interested in cancelling a purchase,request_refund,remboursement
How do I get my money back for something I bought?,request_refund,remboursement
"I need your help to get a refund for an item I just bought, can you cancel the payment since what I bought hasn't arrived yet.",request_refund,remboursement
Am I able to get a refund for a purchase?,request_refund,remboursement
I need a refund for something I bought.,request_refund,remboursement
Is it possible to have an item refunded?,request_refund,remboursement
I made an online purchase and the order has not shown up. Give me my money back.,request_refund,remboursement
What is your refund policy for products I have purchased?,request_refund,remboursement
I would like to receive a refund for something I bought.,request_refund,remboursement
My product was faulty.,request_refund,remboursement
I need a refund. This is not what i wanted.,request_refund,remboursement
I bought something online a week ago and i never got it in the mail.Can I just get my money back now I don't want to keep waiting on something that isn't going to show up.,request_refund,remboursement
Can I get a refund on an item?,request_refund,remboursement
I think I deserve a refunded on a certain item.,request_refund,remboursement
"I bought a product a week ago, but may need to return it.",request_refund,remboursement
"Hello, I recently ordered an item and I need help with cancelling and processing a refund as soon as possible. It's very important that I get my refund quickly.",request_refund,remboursement
Can i have the item refunded?,request_refund,remboursement
I did not get the item I ordered.  How should I go about this?  Should I just cancel my order or my payment?  Please help me.,request_refund,remboursement
"I want a refund, but I haven't received the item yet. Can I cancel it and get my funds back? How do I do that.",request_refund,remboursement
How do I go about getting a refund?,request_refund,remboursement
How can i get a refund for something i just bought?,request_refund,remboursement
"I don't want to buy this car anymore, can I cancel the transaction and get a quick refund back?",request_refund,remboursement
is it possible to get a refund for something I purchased?,request_refund,remboursement
I want to get a refund.,request_refund,remboursement
How do I request a refund?,request_refund,remboursement
"I need to refund my item, can you please help?",request_refund,remboursement
Do you have a return policy?,request_refund,remboursement
How can I go about getting a refund?,request_refund,remboursement
"the product is not working, can I get a refund?",request_refund,remboursement
My order needs to be canceled.,request_refund,remboursement
Can I return an item?,request_refund,remboursement
I bought an item and now I want a refund.,request_refund,remboursement
I need to cancel a payment. Something i purchased a while ago still has not arrived and i'm not going to pay them if they won't send me what I purchased.,request_refund,remboursement
I would like to return my purchases,request_refund,remboursement
What is the refund process?,request_refund,remboursement
Can you please help me in canceling my order.,request_refund,remboursement
Can you refund my purchase?,request_refund,remboursement
"I just bought an item and would like to stop payment, is this possible?  The item has not been received yet.",request_refund,remboursement
"Hello, I have recently made a purchase and have decided to cancel my purchase. Is there any way that you can cancel that transaction for me so I can get the money back? It's very important.",request_refund,remboursement
I have not received an item i ordered yet so i want to cancel it and get a refund. Can you please guide me on how to go about it?,request_refund,remboursement
"Hello-Can you please help me get a refund from this merchant?  I ordered a product and would like to return it. I have been unsuccessful in getting the merchant to return my request for the past several days.  I understand it can take up to 45 days to process the dispute and issue a refund, however, if this can be expedited faster it would be very helpful to me.",request_refund,remboursement
I need to have an item refunded.,request_refund,remboursement
I want a refund for an item,request_refund,remboursement
How do I return something for a full refund?,request_refund,remboursement
Is it possible to get a refund for the item?,request_refund,remboursement
Can you help me process a refund?,request_refund,remboursement
I would like my refund for this item I bought.,request_refund,remboursement
I would like to retract my purchase.,request_refund,remboursement
What is the return policy?,request_refund,remboursement
I want to have an item refunded can I do that?,request_refund,remboursement
"Can you explain your refund policy, please?",request_refund,remboursement
I tried to buy something online yesterday and got a message saying declined. I tried again today and got the same message. What's the problem?,declined_transfer,virement
"I am having trouble doing a transfer. A ""Decline "" message appears after making the transfer.",declined_transfer,virement
"Why do you keep declining my transfers? It's been working well so far, but when I just tried to buy something, the card got declined. I tried it a few times, but same thing happened every try.",declined_transfer,virement
"While doing a transfer, it says declined.",declined_transfer,virement
I have transfered to my account before but it is being declined now?,declined_transfer,virement
Please check and let me know why my transfers are getting declined.,declined_transfer,virement
I see my transfer was declined.,declined_transfer,virement
Why did you decline my transfer?,declined_transfer,virement
Transfer declined.,declined_transfer,virement
"Why did my transfer not work, it says it was declined?",declined_transfer,virement
I have no idea why but my transfers keep getting declined. I have double checked all the recipient details several times already and they're definitely correct.,declined_transfer,virement
"I was doing a transfer and received a ""decline"" message.",declined_transfer,virement
I tried to buy something online yesterday but it kept saying declined. Tried another time today but same thing happened. What's Broken?,declined_transfer,virement
Why was one of my transfers declined?,declined_transfer,virement
Why am I getting declines when trying to make a purchase online?,declined_transfer,virement
"I have been doing some online shopping, but when checking out, it keeps getting declined. I tried a few times and it wouldn't work. What could be wrong?",declined_transfer,virement
"It seems you keep declining my transfers. Before, it's always worked very well.Just now when I tried to buy something the card was declined. I tried more than once and it was the same thing each time.",declined_transfer,virement
Can you tell me why my transfer declined?,declined_transfer,virement
"Hello, my transfers are getting failed continuously, in spite of the fact that all the recipient details are correct. Please advise.",declined_transfer,virement
It declined my transfer.,declined_transfer,virement
My recent transfer didn't go through - why not?,declined_transfer,virement
Why are my transfers getting declined?,declined_transfer,virement
What does the decline message mean,declined_transfer,virement
"I can't make any transfers, they won't go through, the details are correct as I checked them.  Can you look in to this please?",declined_transfer,virement
How do I contact customer support about my declined transfer?,declined_transfer,virement
It appears my transfer was declined.,declined_transfer,virement
What would be a reason my transfer got declined?,declined_transfer,virement
Why did my transfer get declined?,declined_transfer,virement
I was making a purchase and it was declined and I wanted to know why.,declined_transfer,virement
Why do transfers get declined?,declined_transfer,virement
Please help me as my online payment is getting declined since yesterday while i am trying to purchase something online.,declined_transfer,virement
"It's declining my transfers. Normally this works, but my card is being declined now and I've tried more than once.",declined_transfer,virement
I tried to transfer but it was declined,declined_transfer,virement
I didn't see any reason why my transfer was declined. What gives?,declined_transfer,virement
Tell me why my transfer was declined.,declined_transfer,virement
I got a message that my transfer was declined.,declined_transfer,virement
My transfer was declined. What might the reason be?,declined_transfer,virement
I tried to do a transfer but I got a message that it was declined.,declined_transfer,virement
how come my transfer declined,declined_transfer,virement
Why did my payment get declined?,declined_transfer,virement
I'm having problems making a transfer to another account. I keep getting a declined message. I know that the information I'm putting in is accurate because I have checked it more than once.,declined_transfer,virement
My transfer has been declined.,declined_transfer,virement
I wanted to know why my transaction didn't go through.,declined_transfer,virement
"I wanted to buy something online yesterday, but I could not because the card got declined on the day of and the following day. What is wrong with the card?",declined_transfer,virement
Why did I get declined during a transfer?,declined_transfer,virement
It says the transfer wasn't accepted.,declined_transfer,virement
I can't seem to figure out why my transfers are getting declined.,declined_transfer,virement
I tried to do a transfer and it's saying it declined.,declined_transfer,virement
I tried to buy something online yesterday but it kept saying declined. Tried again today but same thing happened. What's wrong?,declined_transfer,virement
Why would my transfer result in a decline message?,declined_transfer,virement
I got declined when attempting a transfer,declined_transfer,virement
Why would you cancel my transfer?,declined_transfer,virement
My transfer was declined. Why did this happen?,declined_transfer,virement
Transfer could not be completed due to being declined.,declined_transfer,virement
I got a declining message during a transfer? please tell me why,declined_transfer,virement
Why are my transfers getting declined?  I havent had a problem in the past.,declined_transfer,virement
"i have tried everything to complete a transfer but can't, what should i do next",declined_transfer,virement
I don't know what's going on but all of my transfers keep getting declined. I have checked over the recipient details twice. These details are all correct.,declined_transfer,virement
"My transfers keep on getting declined. My card was working fine up until now, however it has suddenly stopped working. Why is this?",declined_transfer,virement
I went to do a transfer and it was declined.,declined_transfer,virement
"Why are all my transfers failing?  I have the details right and they won't complete.  I've been trying all day and they still won't go through, this is URGENT, please help.",declined_transfer,virement
"I don't see my refund money yet in my account. I asked the merchant a while ago for a refund, so I don't know what's taking so long.  Can you look into it and see if the money is there, just not in my account yet?",Refund_not_showing_up,remboursement
Please help me.  I am still waiting on a refund.,Refund_not_showing_up,remboursement
I need my refund,Refund_not_showing_up,remboursement
why cant you just refund me instead of a merchant,Refund_not_showing_up,remboursement
Why haven't I received a refund yet?,Refund_not_showing_up,remboursement
They said I would get a refund but I don't see it on my statement.,Refund_not_showing_up,remboursement
Why isn't my refund showing up in my statement?,Refund_not_showing_up,remboursement
I can't see a refund for a return I completed recently.,Refund_not_showing_up,remboursement
I have not received a refund.,Refund_not_showing_up,remboursement
Where is my recent refund in the my statement?,Refund_not_showing_up,remboursement
I asked for a refund but its not here yet,Refund_not_showing_up,remboursement
I have a missing refund,Refund_not_showing_up,remboursement
When will my returned transaction show up on my account?,Refund_not_showing_up,remboursement
"My refund has not arrived, and I am unsure why. Who do I contact?",Refund_not_showing_up,remboursement
I need my refund as soon as possible. What else do I have to do?,Refund_not_showing_up,remboursement
The refund isn't appearing in my account,Refund_not_showing_up,remboursement
How can I check if I have received a refund if it is not yet on my statement?,Refund_not_showing_up,remboursement
Why isn't a refund showing on my statement?,Refund_not_showing_up,remboursement
I can not find my refund.,Refund_not_showing_up,remboursement
"I requested a refund from a merchant several days ago, but don't see anything showing up in my account yet.  Can you check on your end to see if the money has reached you guys?",Refund_not_showing_up,remboursement
I am waiting on the refund,Refund_not_showing_up,remboursement
How can I investigate a missing refund?,Refund_not_showing_up,remboursement
"Hi, Last week I have contacted the seller for a refund as directed by you, but i have not received the money yet. Please look into this issue with seller and help me in getting the refund.",Refund_not_showing_up,remboursement
Transaction refund missing from my statement.,Refund_not_showing_up,remboursement
I've been waiting for a refund where is it?,Refund_not_showing_up,remboursement
I cannot see a refund in my account,Refund_not_showing_up,remboursement
Why hasn't my refund been appiled to my account?,Refund_not_showing_up,remboursement
"Hello. I bought an item a while ago, and have since requested a refund.  However, upon checking my online statements, it seems that I haven't been issued a refund yet.  How can this be remedied?",Refund_not_showing_up,remboursement
"Hurry and refund me, I am waiting",Refund_not_showing_up,remboursement
I was supposed to get a refund but I do not see it on my statement. When is it going to be updated?,Refund_not_showing_up,remboursement
My refund isn't going fast enough.,Refund_not_showing_up,remboursement
My account isn't showing the refund,Refund_not_showing_up,remboursement
I requested a refund from a merchant but don't see the money in my account.  Are you able to check with the merchant or process the refund manually?,Refund_not_showing_up,remboursement
The refund on my account hasn't shown up,Refund_not_showing_up,remboursement
I'm supposed to have a refund but it isn't there,Refund_not_showing_up,remboursement
I can't see all the refunds in my statement,Refund_not_showing_up,remboursement
Please update me on whether you have received the funds for the refund of the large purchase I made recently. I have requested this from the merchant days ago but still haven't got anything.,Refund_not_showing_up,remboursement
I cannot find my refund on my statement.,Refund_not_showing_up,remboursement
"I have received my statement but I do not see my refund, why is that?",Refund_not_showing_up,remboursement
What is taking so long with my refund?,Refund_not_showing_up,remboursement
"Hi! A seller that I requested a refund from a long time ago has yet to send the money into my account, even though I keep checking it. Can the seller be contacted by you guys to see what's going on?",Refund_not_showing_up,remboursement
My refund is still pending,Refund_not_showing_up,remboursement
who should i contact if my refund doesn't go through?,Refund_not_showing_up,remboursement
"Please, I need your help as to whether or not you have money for a large refunded purchase I made. I requested it some time ago from the seller, but nothing is showing up.",Refund_not_showing_up,remboursement
I requested a refund for a large order the other day and don't think I received the funds. Can you tell me if you see them or not?,Refund_not_showing_up,remboursement
Why isn't my refund showing up?,Refund_not_showing_up,remboursement
I am still waiting for a refund,Refund_not_showing_up,remboursement
"I requested a refund from a seller a while ago, but when I check my statements it doesn't show up. Can you help me get my refund.",Refund_not_showing_up,remboursement
I was supposed to get a refund but I do not see it.,Refund_not_showing_up,remboursement
I contacted a seller about a refund last week but he still hasn't returned my money. I am frustrated and need these funds. Please help me get my money back.,Refund_not_showing_up,remboursement
I am noticing that a refund of a large purchase still has not been credited to my account. I contacted the merchant a few days ago and he assured me that he would submit it right away. Is there a status update?,Refund_not_showing_up,remboursement
what is the status of my refund,Refund_not_showing_up,remboursement
"Hello. Please, would you tell me if you have or have not received funds for a refund that I recently requested for a big purchase? I've contacted the merchant, but I can't tell that they have taken any action on it.",Refund_not_showing_up,remboursement
I contacted the seller for a direct refund last week but he still hasn't give me my money. What should I do?,Refund_not_showing_up,remboursement
I cannot view the refunded amount in my account.,Refund_not_showing_up,remboursement
When can I expect my refund?,Refund_not_showing_up,remboursement
I keep checking my statements but no progress.I requested a refund but seems it's not reaching my account for some reason. Can you please help me get the money back from the seller for me,Refund_not_showing_up,remboursement
My statement does not reflect that a refund has been issued,Refund_not_showing_up,remboursement
Why isn't my refund on my statement?,Refund_not_showing_up,remboursement
A refund for a recent return has not arrived on my card.,Refund_not_showing_up,remboursement
I am missing my refund.,Refund_not_showing_up,remboursement
How do I find the refund on my statement?,Refund_not_showing_up,remboursement
"i need a refund from you because the merchant is refusing, can you do that?",Refund_not_showing_up,remboursement
I returned an item but don't see it on my account?,Refund_not_showing_up,remboursement
"As advised by you, i requested seller to refund my money. A week has passed but i haven't got any update from seller. Please track the refund with the seller.",Refund_not_showing_up,remboursement
"I'm looking at my statement, and my refund is not on there.",Refund_not_showing_up,remboursement
Why did I not get my refund yet?,Refund_not_showing_up,remboursement
My refund isn't showing up,Refund_not_showing_up,remboursement
Is there a reason my refund isn't showing on my statement?,Refund_not_showing_up,remboursement
Are the funds I requested from a merchant a few days ago in my account? I do not see them.,Refund_not_showing_up,remboursement
"I'm supposed to be getting a refund but it hasn't shown up, now what?",Refund_not_showing_up,remboursement
How long does it take for a refund to appear?,Refund_not_showing_up,remboursement
My refund is not here yet,Refund_not_showing_up,remboursement
I returned something to a  store but can't see my refund.,Refund_not_showing_up,remboursement
Can you tell me if a credit/refund is coming from a seller? I asked for refund directly from them and am still waiting. It's been a week now and i still havn't seen my refund yet.,Refund_not_showing_up,remboursement
Where is the refund on my statement?,Refund_not_showing_up,remboursement
I should have a refund in my statement but I can't see it,Refund_not_showing_up,remboursement
I'm expecting a refund but it's no where to be seen,Refund_not_showing_up,remboursement
"I have checked my statements multiple times, but my refund that I requested a while back is not showing on my account. Is there a reason for this? Can I get some help getting my money back from this transaction?",Refund_not_showing_up,remboursement
Im not sure if a seller is giving me my money back! I asked them to refund my money for the item but It's been a week now and still nothing has been given back to me. Can you resolve this for me?,Refund_not_showing_up,remboursement
When will I be able to see my refund?,Refund_not_showing_up,remboursement
I've been checking my statement to see if I've received a refund I requested from a seller a while ago has arrived. But it has not. This should have come back to me already. Can you help me figure out why it's not here and get my money back?,Refund_not_showing_up,remboursement
I'm not sure why my card didn't work,declined_card_payment,paiement
My card is not working at stores.,declined_card_payment,paiement
Do you know why my card payment has been declined?,declined_card_payment,paiement
Why isn't my card working? I was pumped to use my new card but it keeps getting declined. Help please.,declined_card_payment,paiement
I could not use my card in a store.,declined_card_payment,paiement
If my card payment isn't working what do I do?,declined_card_payment,paiement
What are the reasons why a card payment would be declined?,declined_card_payment,paiement
What is the reason my payment was not accepted?,declined_card_payment,paiement
You have declined my  payment.,declined_card_payment,paiement
"Apparently, I went out today to use my new card and was informed my payment was decline. This is really embarrassing, what happen?",declined_card_payment,paiement
I NEED HELP WITH MY CARD!!!!! please. It keeps getting declined when I try to use it. I have tried a few times to use it and it keeps getting rejected. I have no idea why.,declined_card_payment,paiement
How do I check to see why my card payment was declined?,declined_card_payment,paiement
Why was my card declined in a shop?,declined_card_payment,paiement
The payment for the card did not go through,declined_card_payment,paiement
My card was rejected,declined_card_payment,paiement
I use this card all the time so why did it get declined at the store today?,declined_card_payment,paiement
I couldn't pay with card in a shop,declined_card_payment,paiement
Why is my payment declined? It looked like everything worked ok and my account was fine.,declined_card_payment,paiement
"My payment has been declined!! What's going on, I thought everything was alright and working well?",declined_card_payment,paiement
My latest payment was declined! What happened! I was told everything had been resolved and was back to working order again.,declined_card_payment,paiement
My card didn't go through.  It doesn't make sense.  You told me that everything was ok.,declined_card_payment,paiement
Please explain why my payment was declined? I thought everything was good.,declined_card_payment,paiement
"When I use my card, it says decline?",declined_card_payment,paiement
is there a reason that my payment didnt go through,declined_card_payment,paiement
Explain the payment that was declined!,declined_card_payment,paiement
Explain why my card payment wouldn't go through.,declined_card_payment,paiement
The store card reader would not accept my card.,declined_card_payment,paiement
Why was my payment declined? I keep trying my card but it's not working.,declined_card_payment,paiement
"Please help me in this, as i was unable to make any payment by my new card,  it was getting declined repeatedly. I am not very happy with this incident.",declined_card_payment,paiement
"my card payment has been declined, do you know why?",declined_card_payment,paiement
Why did my card payment get declined?,declined_card_payment,paiement
Why won't you accept my payment? I keep trying with this card and it's not working.,declined_card_payment,paiement
For some reason my card payment didn't work,declined_card_payment,paiement
Why did my payment fail?,declined_card_payment,paiement
Can you tell me why my card payment did not work?,declined_card_payment,paiement
My card would not work at a shop.,declined_card_payment,paiement
I could not get my card to work at a shop.,declined_card_payment,paiement
My card payment has been declined,declined_card_payment,paiement
My card was refused,declined_card_payment,paiement
My card did not work at store.,declined_card_payment,paiement
Why was my new card declined?,declined_card_payment,paiement
Why do you keep declining my payment? I tried several times already with this card and it is just not working.,declined_card_payment,paiement
Could you explain why my card payment did not work?,declined_card_payment,paiement
I don't understand why my payment was declined. I thought everything was ok.,declined_card_payment,paiement
The card payment is declined.  Please inform me why.,declined_card_payment,paiement
Why would you decline my card?,declined_card_payment,paiement
I was so embarrassed. Why didn't my payment clear?,declined_card_payment,paiement
It seems like my card payment didn't work.,declined_card_payment,paiement
"I've tried many times to make a payment, but it's not going through.  What's wrong?",declined_card_payment,paiement
For some reason my card payment hasn't worked. what can I do to look into that?,declined_card_payment,paiement
"my payment was rejected, do you know why?",declined_card_payment,paiement
"I made a card payment, but it has been declined?",declined_card_payment,paiement
"Everything seems fine with my account, so why did it decline my payment?",declined_card_payment,paiement
I was just needing to know why my card got declined,declined_card_payment,paiement
Why was the payment on my card declined?,declined_card_payment,paiement
I made a card payment but it didn't work. Why not?,declined_card_payment,paiement
Do you know the reason why my card payment was declined?,declined_card_payment,paiement
What is going on with it saying my card payment was declined?,declined_card_payment,paiement
"I keep trying to make a payment, but it doesn't work.",declined_card_payment,paiement
What could the reason be that my payment card was declined?,declined_card_payment,paiement
Is there an issue with my card payment as it has not gone through.,declined_card_payment,paiement
The card payment I made didn't work.,declined_card_payment,paiement
"I received my new card and tried using it today, just to have it show declined over and over again.  Why is this happening?",declined_card_payment,paiement
My card payment won't work.,declined_card_payment,paiement
"I know there's money in my account, why did my account decline me?",declined_card_payment,paiement
My card payment wasn't declined,declined_card_payment,paiement
Can you please advise if there is something wrong with my card? I have had multiple rejections and do not know the reason. Thanks!,declined_card_payment,paiement
"Card payment was declined, do you know why?",declined_card_payment,paiement
"I had a problem with my card payment, can you help?",declined_card_payment,paiement
I tried to used my card in a shop and the transaction was declined.,declined_card_payment,paiement
My card payment was not successful.,declined_card_payment,paiement
I can't figure out why a transfer is still pending?,pending_transfer,virement
"Transfers can take up to one day to process before departing for the beneficiary accounts. Please confirm that you've entered your account details correctly. SEPA transfers can take up to two working days, while SWIFT transfers can take up to five working days.",pending_transfer,virement
When will my transfer finish pending?,pending_transfer,virement
"How long do transfers take, mine just says pending?",pending_transfer,virement
How long does it take for a transfer to finish pending?,pending_transfer,virement
What's the time frame on EU transfers? I purchased something a couple of days ago but the seller hasn't received my payment.,pending_transfer,virement
"I transferred money to another country several days ago, but my transaction is still pending. i have checked that the accounts are keyed in correctly. what sees to be the problem?",pending_transfer,virement
Why is the transfer showing pending?,pending_transfer,virement
Hi I am trying to transfer money to another country but it is showing pending and it has been a long time.  I have checked numbers and they are correct.  Could you please help?,pending_transfer,virement
Why does my transfer say it is pending?,pending_transfer,virement
What am I supposed to do if the funds haven't show up from a transfer completed this morning?,pending_transfer,virement
My payment shows that it is pending will I be charged more money?,pending_transfer,virement
How long is a transfer in the pending status?,pending_transfer,virement
Why is it taking so long for my pending transaction to post as cleared?,pending_transfer,virement
"How long do EU transfers actually take? I recently bought something online a few days ago, sent the money immediately online but the seller says it's still not there yet.",pending_transfer,virement
Why is my transfer pending?,pending_transfer,virement
How long is the wait for a money transfer to show up?,pending_transfer,virement
What is going on? I have checked over and over and the details of my account are right. Why is my transfer still pending? It's 2018 not 1818. Transfering money to another country can't be that hard.,pending_transfer,virement
My money transfer has not yet occurred,pending_transfer,virement
Will my transfer be done soon?,pending_transfer,virement
"My transfer is quite urgent, and finally worked out, but I've been waiting for it for quite some time. Can you tell me how long to expect to wait for it?",pending_transfer,virement
My transfer still says pending,pending_transfer,virement
The transfer was accepted but now it's stuck on pending. When will it go through?,pending_transfer,virement
I have not seen any changes in my account balance(s) after making a transfer.,pending_transfer,virement
Why is my transfer still pending after all this time?,pending_transfer,virement
It seems like a transfer is pending.,pending_transfer,virement
How long will the transfer take?,pending_transfer,virement
the transfer went through but now it has been pending for quite a while. i need this to go through already,pending_transfer,virement
Why isn't my pending transfer finished?,pending_transfer,virement
Is my transfer pending?,pending_transfer,virement
I did a transfer but its still pending,pending_transfer,virement
How come I have pending transfers?,pending_transfer,virement
Could you please help me figure out why the seller has not received their money after I sent it.,pending_transfer,virement
"I didn't think my country-to-country money transfer would take so long. It still says that it's pending so I re-checked all of the account information--everything seems right, so what's the deal?",pending_transfer,virement
i transfered and yet it is still pending,pending_transfer,virement
What is the reason why the transfer shows as pending?,pending_transfer,virement
I am still waiting for a transfer to show,pending_transfer,virement
When will my transfer move from pending to confirmed?,pending_transfer,virement
How long does a transfer take?,pending_transfer,virement
I have a transfer that is pending.,pending_transfer,virement
My transfer has been pending for a long time now. I already double checked my account info and it is correct. Why is it taking so long in 2018 to transfer money?,pending_transfer,virement
My account says I have a pending transfer.,pending_transfer,virement
How long would does it take for a seller to receive an EU transfer if I bought something from them and sent them the money immediately?,pending_transfer,virement
Money was transferred to me and I am unable to see it,pending_transfer,virement
How long does it take for pending transfer transactions to post?,pending_transfer,virement
Why is there a pending time on my transfer?,pending_transfer,virement
Why does it show that my transfer is still pending?,pending_transfer,virement
How long will my transfer be pending?,pending_transfer,virement
How long will a transfer be pending for?,pending_transfer,virement
Why is a transfer I did recently still processing?,pending_transfer,virement
I wanted to know why there is a transfer of mine pending.,pending_transfer,virement
"I'm waiting for a money transfer to show, still.",pending_transfer,virement
There has been a transfer pending in my account and I wanted to know how long it is going to take to go  through.,pending_transfer,virement
What is the average pending time for a transaction?,pending_transfer,virement
Can you explain why my payment is still pending?,pending_transfer,virement
when will my transfer clear,pending_transfer,virement
"How long do EU transfers take? I bought something online a couple of days ago , sent the money immediately online but the seller says it is still not there yet.",pending_transfer,virement
Why does my transfer still say it is pending?,pending_transfer,virement
My money transfer has not happened yet,pending_transfer,virement
"I double checked that I have the correct account details already, they're right for sure. Transfer is still pending since forever. It should not have been done so.",pending_transfer,virement
Why is my last transfer pending?,pending_transfer,virement
I have an outgoing transfer,pending_transfer,virement
"Transfers may show up as pending for up to one business day while they are processed, and then they'll depart for the beneficiary accounts. Please confirm that you have correctly entered your account details. SEPA transfers typically take up to two working days, while SWIFT transfers can take up to five working days.",pending_transfer,virement
My transfer's stuck on pending.,pending_transfer,virement
"So, my transfer is showing as pending, when will it actually go through?",pending_transfer,virement
I made a transfer recently but it has not changed on my dashboard.,pending_transfer,virement
When will my transfer move out of pending stage?,pending_transfer,virement
there is a transfer pending.,pending_transfer,virement
"Why is my transfer appearing as ""pending""?",pending_transfer,virement
Do EU transfers happen quickly? I purchased something a few days ago and the seller hasn't received my money yet.,pending_transfer,virement
"It seems like I have been waiting forever for this international transfer. Why is it taking so long? C'mon, it's 2018, things happen at a click of a button. All of the account information is correct, so how long will this take?",pending_transfer,virement
"Hi, I'm trying to transfer money from one country to another, but it's taking a long time! All the account information is right, so why is it taking so long?",pending_transfer,virement
Why is my transfer pending when I already made it?,pending_transfer,virement
"What does it mean when a transfer is ""pending""?",pending_transfer,virement
The seller of the items I bought online the other day hasn't received the EU transfer yet. How long do these usually take?,pending_transfer,virement
"My transfer is pending, why?",pending_transfer,virement
Can you tell me why my transfer is pending still?,pending_transfer,virement
I am still waiting for a money transfer to process.,pending_transfer,virement
I have a transfer that was approved that I'm urgently waiting for. How long am I supposed to wait for it?,pending_transfer,virement
"How long does the ""pending"" period of a transfer take?",pending_transfer,virement
"My transfer went through, but it seems to be caught up in a pending status.  This was very important that it got done quickly, can you give me a status update on how long it will take?",pending_transfer,virement
I need to know why a money transfer is available.,pending_transfer,virement
How do I deactivate my account?,terminate_account,compte
Remove my account immediately.,terminate_account,compte
please delete account,terminate_account,compte
"I would like to delete my account now, please.",terminate_account,compte
"I need to delete my account, please.",terminate_account,compte
unhappy with service need to delete account,terminate_account,compte
How do I close my account?,terminate_account,compte
I want to close my account due to poor customer service.,terminate_account,compte
"I would like to close my account, as I'm not happy.",terminate_account,compte
How do I delete my account now,terminate_account,compte
I want to cancel my account.,terminate_account,compte
"I want to get rid of the account, and delete personal information .",terminate_account,compte
I am not happy with your company. Please delete my account asap.,terminate_account,compte
I am upset with your service.  Please delete my account.,terminate_account,compte
I would like to cancel my account.,terminate_account,compte
I want to stop my account,terminate_account,compte
do i have to talk to someone to close an account or can i in the app,terminate_account,compte
I want to close my account now.,terminate_account,compte
"your company is awful, i would like to delete my account please",terminate_account,compte
I want to delete my account. How do I do this?,terminate_account,compte
Delete my account now please.,terminate_account,compte
Help me terminate and close my account.,terminate_account,compte
How to I close my account?,terminate_account,compte
I need to terminate my account.,terminate_account,compte
Help me delete my account.  I am not satisfied with the service.,terminate_account,compte
Can you close my account please?,terminate_account,compte
What do I do to close my account?,terminate_account,compte
I need to terminate my account immediately.,terminate_account,compte
How can I close my account?,terminate_account,compte
"I don't want this account anymore, how do I delete it?",terminate_account,compte
Please delete this account.,terminate_account,compte
Where do I go to terminate my account?,terminate_account,compte
Please delete my account now.,terminate_account,compte
how do i cancel my account,terminate_account,compte
"how to delete account, not happy",terminate_account,compte
make my account go away,terminate_account,compte
Please help me delete this account.,terminate_account,compte
Your service is bad.  Close my account.,terminate_account,compte
I'm dissatisfied with the service and would like to terminate the account.,terminate_account,compte
I wish to remove my account.,terminate_account,compte
Close down my account.  I don't like your service.,terminate_account,compte
I am very dissatisfied with the services that you are providing.  I want to cancel my account.,terminate_account,compte
I need you to delete my account right now.,terminate_account,compte
I need to close my account.  Your company is terrible!,terminate_account,compte
"I'm not happy, I want to close my account.",terminate_account,compte
How do I delete an account?,terminate_account,compte
"The company is no good, please terminate my account.",terminate_account,compte
"I am dissatisfied, I would like to close my account.",terminate_account,compte
I am not satisfied with your service.  Close my account.,terminate_account,compte
An ATM machine didn't give me back my card.,card_swallowed,carte
"My card got trapped inside an ATM, what should I do?",card_swallowed,carte
What do I do if I can't get my card out of the ATM?,card_swallowed,carte
My card got stuck in an ATM.,card_swallowed,carte
"I can't get my card out of the ATM, what should I do now?",card_swallowed,carte
My card is stuck in the ATM?,card_swallowed,carte
How can I get my card out of the stupid ATM that ate it?,card_swallowed,carte
The ATM took my card.,card_swallowed,carte
The ATM won't give me my card back. I need it back now!,card_swallowed,carte
How do I get my card back quickly from a bank machine that it?,card_swallowed,carte
I was getting cash and the card got stuck inside,card_swallowed,carte
what do I need to do if the ATM kept my card?,card_swallowed,carte
How do I get my card out of the ATM?,card_swallowed,carte
Please send a new card; the ATM ate mine.,card_swallowed,carte
I was removing a dollar amount from my account and now don't have access to my card.,card_swallowed,carte
The bank machine didn't give my card back how do I get a new one fast?,card_swallowed,carte
"Please help, the atm swallowed my card, what do I do?",card_swallowed,carte
how can the money machine keep my card what do i need to do?,card_swallowed,carte
How do I get a new card as your machine swallowed mine!,card_swallowed,carte
What do I do after the ATM takes my card.,card_swallowed,carte
How can I get my card out of the ATM?,card_swallowed,carte
How do I get my card back after the ATM swallowed it.,card_swallowed,carte
"My card is stuck in an ATM machine, how do I get it back quickly?",card_swallowed,carte
A transaction shows duplicate times.,transaction_charged_twice,frais
There is a repeat charge for the same item,transaction_charged_twice,frais
How can I fix this?  There is a double charge on my account.,transaction_charged_twice,frais
My card got charged twice for the same thing!,transaction_charged_twice,frais
How do I query a payment on my card? It looks like I have paid for the same thing twice.,transaction_charged_twice,frais
I have duplicated transactions on my statement,transaction_charged_twice,frais
"One of my charges was declined, but the second one went through.  But I notice on my App that one of them has gone through, and the other one is still pending.  Please ensure that only one charge is processed. Thanks",transaction_charged_twice,frais
What do I do if I've been charged twice for the same transaction?,transaction_charged_twice,frais
I was charged for the same thing twice,transaction_charged_twice,frais
"I was charged twice for a restaurant, can you take the second charge off?",transaction_charged_twice,frais
I have a transaction that shows multiple times.,transaction_charged_twice,frais
What happens when I am charged twice?,transaction_charged_twice,frais
I have been charged twice for the same transaction.,transaction_charged_twice,frais
How do I get my money back for a duplicated charge?,transaction_charged_twice,frais
I have a duplicate payment on my card.,transaction_charged_twice,frais
I have a transaction showing multiple times.,transaction_charged_twice,frais
I have a duplicate charge,transaction_charged_twice,frais
I got charged two times for a transaction,transaction_charged_twice,frais
What happens with the duplicate charge in my account?,transaction_charged_twice,frais
Who do I talk to for transactions debited twice?,transaction_charged_twice,frais
I have been charged twice this week for a couple of things on my card. Can you please check this out for me and return the double charged items back?,transaction_charged_twice,frais
I got charged twice for the same payment. Please removed the pending payment. Thank you.,transaction_charged_twice,frais
It looks like I was charged twice for a single transaction,transaction_charged_twice,frais
Please tell me why the same transaction is showing up on my account more than once.,transaction_charged_twice,frais
I have duplicate charges for the same transaction,transaction_charged_twice,frais
"Looks like my card payment was duplicated after all. I went to pay at the store earlier, got declined once, second time it works. App still stays pending for one of the payments. Can you please remove one of them as it's wrong and clearly was declined?",transaction_charged_twice,frais
"Hello,  I am a college student who I recently attended my high school reunion at a local restaurant. I paid with my credit card and now my transaction history reflects a second charge of the seemingly same payment. What could be the reason for this?  Is there any way to have the fraudulent  payment credited back onto my card?",transaction_charged_twice,frais
I have been charged two times for one transaction.,transaction_charged_twice,frais
Duplicate transactions appear on my account,transaction_charged_twice,frais
I was charged multiple times at the same location at the same time,transaction_charged_twice,frais
Hello. I checked my transactions and saw I was double charged for a restaurant visit. Can I get my money back?,transaction_charged_twice,frais
I was charged multiple times for one transaction.,transaction_charged_twice,frais
I got charged twice with a duplicate card. How do I resolve this?,transaction_charged_twice,frais
there were two of the same charge to my account,transaction_charged_twice,frais
You charged me more than once for the same transaction!,transaction_charged_twice,frais
Why do I have a transaction showing up more than once?,transaction_charged_twice,frais
Why was I charged twice for my item!,transaction_charged_twice,frais
My account is showing a double charge.,transaction_charged_twice,frais
Why did my card get charged twice for a transaction?,transaction_charged_twice,frais
Why am I being charged again?,transaction_charged_twice,frais
"I was charged twice, when I didn't purchase anything twice.",transaction_charged_twice,frais
I think I was double charged,transaction_charged_twice,frais
"I should only have one charge, but it shows two.",transaction_charged_twice,frais
"My account shows I have been charged twice for the same meal. How do I get the second payment voided and returned to me? I do not eat out much and my family is living paycheck to paycheck,  mostly. I cannot afford to spend more money than necessary, as is, so I must see to it that the cost be promptly credited back onto my card.",transaction_charged_twice,frais
What do I do if I have been charged twice?,transaction_charged_twice,frais
I was charged two times for the same thing.,transaction_charged_twice,frais
"Hi, I was looking over my card receipts for the past week and I realize I had a charge put through two times for the same single restaurant visit. Can one of the charges be removed so that I can get the money back that was mistakenly taken from my account?",transaction_charged_twice,frais
There is the same transaction showing more than once.,transaction_charged_twice,frais
I am concerned that I am being doubled charged for several items purchased in the past week.  Please review my statement and correct.,transaction_charged_twice,frais
Why was I charged twice?,transaction_charged_twice,frais
Why have I been charged more than once for the same transaction?,transaction_charged_twice,frais
"Hi, I was just checking over my card transactions and notice I was charged twice for a restaurant visit this week. Can you please remove one of these false charges from my account?",transaction_charged_twice,frais
I received duplicate charges.,transaction_charged_twice,frais
I noticed that my card was charged more than once for one thing.,transaction_charged_twice,frais
"I got double charged from something, what can I do?",transaction_charged_twice,frais
Why do I have a transaction showing multiple times?,transaction_charged_twice,frais
Hi. Please can you help me fix a double charge on my card? I'm looking at my transactions and this restaurant I went to earlier in the week has charged me twice! Please remove the additional charge for me.,transaction_charged_twice,frais
To many charges on my card how do I go about fixing that?,transaction_charged_twice,frais
There are two of the same charge on my statement.,transaction_charged_twice,frais
My statement shows different transaction times.,transaction_charged_twice,frais
I have a transaction showing up multiple times.,transaction_charged_twice,frais
My card is showing multiple charges for the same items on my recent statement. I was wondering what actions of needed to take to fix this issue,transaction_charged_twice,frais
It appears as though my card payment was duplicated. I paid at the store earlier today. The first time it was declined and the second time it worked. The app is still showing one of the payments to be pending. Please take one of these off because clearly the first was declined and is not correct.,transaction_charged_twice,frais
What do I do if a transaction shows up twice?,transaction_charged_twice,frais
Hi. I noticed I have a duplicate charge which I have not made twice. Who should I talk to take care of this?,transaction_charged_twice,frais
There is a payment that I was charged two times for.,transaction_charged_twice,frais
I have multiple of the same transaction,transaction_charged_twice,frais
There is more than one charge on my account for a transaction.,transaction_charged_twice,frais
I need a transaction reversed from my account.,transaction_charged_twice,frais
I have been charged for one thing two times.,transaction_charged_twice,frais
Why was I charged twice for the same thing?,transaction_charged_twice,frais
I have a duplicate payment on my account,transaction_charged_twice,frais
"I went for a meal in Seattle and paid the bill but I think they charged me twice, the first time they swiped the card I got a notification to say the money had gone out the account but then I added a tip and I think they swiped it all again. Can you refund one of the charges?",transaction_charged_twice,frais
I noticed a duplicate charge on my statement.,transaction_charged_twice,frais
"Hey there, I just went through my most recent credit card payments and I notice the same charge for a restaurant was processed twice. There was only one meal at this place, so I would like one of the charges to be reversed and my money to be put back in the account.",transaction_charged_twice,frais
I was charged twice for the same thing.,transaction_charged_twice,frais
Is there a reason to why I was charged twice for a transaction?,transaction_charged_twice,frais
There are duplicate transactions on my account,transaction_charged_twice,frais
"In reviewing my statement, I show I have two charges for the same purchase at the same time, which I have not made in duplicate? How do I get this solved?",transaction_charged_twice,frais
"Looks like my card payment was made twice by mistake. I paid at the store earlier which rejected once, second time it worked. App stays at pending for one of the payments. Can you please remove one of them as it's wrong and clearly was declined?",transaction_charged_twice,frais
"Looks like my card payment was duplicated after all. I went to pay at the store earlier, got declined once,second time it works. App still stays pending for one of the payments. Can you please remove one of them as it's wrong and was declined?",transaction_charged_twice,frais
I was charged twice for a few things this week when I only bought one. What do I do?,transaction_charged_twice,frais
"I have been double charged for a couple of things this week, and would appreciate a refund for the duplicate charges.",transaction_charged_twice,frais
How do a reverse a duplicated charge?,transaction_charged_twice,frais
The first payment I attempted for my card at the store earlier did not process so I had to make a second attempt. The second time it worked. It now appears I was charged twice. After looking at the app I see a pending charge. Please remove the pending amount because it is clearly not accurate and was declined.,transaction_charged_twice,frais
I got charged twice,transaction_charged_twice,frais
I have been charged twice for the same thing!,transaction_charged_twice,frais
I think I was charged double for something I bought - how long should I wait before reporting this?,transaction_charged_twice,frais
Why is there a payment showing twice?,transaction_charged_twice,frais
A duplicated payment was made for something.,transaction_charged_twice,frais
My account seems a bit off and getting weird charges.,transaction_charged_twice,frais
Hello. I just noticed I was charged two times for a restaurant I visited this week. Can you reverse the additional charge?,transaction_charged_twice,frais
where exactly does money come from,verify_source_of_funds,compte
Where did my money come from?,verify_source_of_funds,compte
Can I check to see where the funds came from?,verify_source_of_funds,compte
need to know where money comes from,verify_source_of_funds,compte
Show me how to look at the source of my current funds?,verify_source_of_funds,compte
Can I trace where my funds came from?,verify_source_of_funds,compte
who can put money in my account?,verify_source_of_funds,compte
My source of funds need verification.,verify_source_of_funds,compte
What source do my fund come from?,verify_source_of_funds,compte
What is my source of funds?,verify_source_of_funds,compte
where to i get my funds from?,verify_source_of_funds,compte
"I need to know this, where do my funds come from?",verify_source_of_funds,compte
What information do I need to see my source of money?,verify_source_of_funds,compte
How will I know where my funds are coming from?,verify_source_of_funds,compte
How can I tell where the money came from?,verify_source_of_funds,compte
Is there a way to view the history on where my funds came from?,verify_source_of_funds,compte
Can I see the source of my available money?,verify_source_of_funds,compte
I require verification for my source of funds.,verify_source_of_funds,compte
what is source of my money,verify_source_of_funds,compte
Who is giving me my money?,verify_source_of_funds,compte
Where do my available funds come from?,verify_source_of_funds,compte
What kind of security protects my money?,verify_source_of_funds,compte
Can I track history on funds?,verify_source_of_funds,compte
where can I see who sent me funds,verify_source_of_funds,compte
My source of funds require verification.,verify_source_of_funds,compte
I need to know where my funds come from.,verify_source_of_funds,compte
help me find where this money came from,verify_source_of_funds,compte
Are there steps to see where my funds come from?,verify_source_of_funds,compte
I would like to verify my source of funds.,verify_source_of_funds,compte
Can I see where my money is being transferred from?,verify_source_of_funds,compte
Where can I see where my funds came from?,verify_source_of_funds,compte
need to verify source of funds,verify_source_of_funds,compte
My funds must be verified,verify_source_of_funds,compte
What is the source of funds for my money?,verify_source_of_funds,compte
Can you tell me how to tell where my funds come from?,verify_source_of_funds,compte
Is there a way to see my money's source?,verify_source_of_funds,compte
Please verify my source of funds.,verify_source_of_funds,compte
I must verify the source of my funds,verify_source_of_funds,compte
where can I get the info for my funds,verify_source_of_funds,compte
Can you tell me where my funds come from?,verify_source_of_funds,compte
Is there a way to lookup where funds came from?,verify_source_of_funds,compte
How can I prove the source of my funds?,verify_source_of_funds,compte
How can I know where did my funds come from?,verify_source_of_funds,compte
How can I receive verification for the source of my funds?,verify_source_of_funds,compte
where is this money from,verify_source_of_funds,compte
How can I tell the source for my available funds?,verify_source_of_funds,compte
I need to verify my funds.,verify_source_of_funds,compte
where can i see money source?,verify_source_of_funds,compte
where did my funds come from?,verify_source_of_funds,compte
i need to trace a deposit,verify_source_of_funds,compte
How do I know where the funds come from?,verify_source_of_funds,compte
Please explain to me how to know where my funds are from.,verify_source_of_funds,compte
Can I see where my funds come from?,verify_source_of_funds,compte
Can someone please explain to me where my source of funds came from?,verify_source_of_funds,compte
Where can I check to see where the money in my account came from?,verify_source_of_funds,compte
What do I do to verify my source of funds?,verify_source_of_funds,compte
I'd like to know where my funds come from.,verify_source_of_funds,compte
How can I verify my source of funds?,verify_source_of_funds,compte
How do I see the source of my money?,verify_source_of_funds,compte
How long am I to wait before the transfer gets to my account?,transfer_timing,virement
Will the transfer show up in my account soon?,transfer_timing,virement
I am yet to receive the money in my account how long will this take?,transfer_timing,virement
How long will this transfer from europe take?,transfer_timing,virement
Will I see the transfer in my account within the week?,transfer_timing,virement
How long should I have to wait before I see the transfer in my account?,transfer_timing,virement
How long does a European transfer take?,transfer_timing,virement
How many days do I have to wait for the transfer to reach my account?,transfer_timing,virement
How long do transfers from Europe take?,transfer_timing,virement
I need to transfer funds from China and quick expedition is crucial. Approximately how long does it take for a transfer from China to go through?,transfer_timing,virement
How long will a transfer from the US take?,transfer_timing,virement
What is the timeframe for a transfer in Europe?,transfer_timing,virement
How long do I have to wait for a US transfer?,transfer_timing,virement
"I have been waiting for my transfer, shouldn't it be here already?",transfer_timing,virement
what is the average wait for transfers,transfer_timing,virement
When can I use money sent to my account?,transfer_timing,virement
"I've made a transfer, how long until the money reaches my account?",transfer_timing,virement
What is the estimated time on an urgent transfer from China?,transfer_timing,virement
Can I quickly send a transfer from China?  How long will it take?,transfer_timing,virement
What is the wait time until money reaches my account?,transfer_timing,virement
What is the time period for money to be transferred?,transfer_timing,virement
When can I expect money to be transferred to my account?,transfer_timing,virement
"How long does it take to transfer from china? Is there a way to transfer it quickly, I need it urgently?",transfer_timing,virement
I need to transfer something to China. It is urgent. How many days will it take to get there?,transfer_timing,virement
How long until transfers from Europe go through?,transfer_timing,virement
"I have a transfer from the US, How long is the wait?",transfer_timing,virement
When can I expect the transfer to be complete?,transfer_timing,virement
When will the money from a transfer be made available on my account?,transfer_timing,virement
"I just did a transfer, but don't see the money in my account. What's up?",transfer_timing,virement
How long will it take the money to appear in my account?,transfer_timing,virement
What is the longest a US transfer should take to appear in my account?,transfer_timing,virement
I need to urgently transfer something from China. How long will it approximately take?,transfer_timing,virement
How long will it take for the money to reach my account?,transfer_timing,virement
When will my transfer from the US get here?,transfer_timing,virement
What is the estimated wait time on a US transfer into my account?,transfer_timing,virement
How long does it take transfers from Europe to complete?,transfer_timing,virement
I must make a transfer from China and it is urgent. How long before the transfer is complete?,transfer_timing,virement
Help! I need to transfer something to China.,transfer_timing,virement
How many days until my US transfer arrives?,transfer_timing,virement
How long will it take to transfer something from China?,transfer_timing,virement
"I must quickly transfer something from China, and I need to know how long it will take.",transfer_timing,virement
how long does a US transfer take,transfer_timing,virement
How long will it take to transfer from europe?,transfer_timing,virement
how long does it take for a transfer from Europe to go through?,transfer_timing,virement
When can I expect the transfer to arrive in my account?,transfer_timing,virement
"I'm having money transferred from Europe, how long will this take?",transfer_timing,virement
When will my money be in my account?,transfer_timing,virement
What is the time frame for european transfers?,transfer_timing,virement
When will I receive a transfer from europe?,transfer_timing,virement
Estimated time arrival for transfers?,transfer_timing,virement
What are the time frames for the money to be available in my account?,transfer_timing,virement
How long does it take for a transfer to reach my account?,transfer_timing,virement
What is the estimated wait time for transfers from the US?,transfer_timing,virement
What is the length of time for money to reach the account?,transfer_timing,virement
When can I expect a transfer from Europe to go through?,transfer_timing,virement
Why hasn't my transfer from Europe gone through?,transfer_timing,virement
How long does transfer from the US take?,transfer_timing,virement
How long does a transfer transaction take?,transfer_timing,virement
How long does it take to make an urgent transfer from China?,transfer_timing,virement
I think my card payment has been reverted,reverted_card_payment?,paiement
Tell me why my card payment would be reverted.,reverted_card_payment?,paiement
Why has my card payment been reversed?,reverted_card_payment?,paiement
I didn't cancel my card payment.,reverted_card_payment?,paiement
Can you tell me why the card payment came back?,reverted_card_payment?,paiement
How come the money from the merchant appeared back into my account?,reverted_card_payment?,paiement
I made a payment and it was reverted and wanted to know why?,reverted_card_payment?,paiement
Is it on purpose that my payment has been returned to my account?,reverted_card_payment?,paiement
My payment has been cancelled,reverted_card_payment?,paiement
I made a payment but it was returned.,reverted_card_payment?,paiement
I made a payment with my card that was cancelled?,reverted_card_payment?,paiement
"Hey a seller just contacted me that my money didn't come through. It was definitely deducted from my account, but now it appears it's back with me! Sort this out asap please.",reverted_card_payment?,paiement
"Hello,  I noticed the money for an item I purchased online and have already received has been returned to my checking account. Was there an issue with the merchant accepting my payment? Or, possibly, with the bank sending it?",reverted_card_payment?,paiement
Why has my payment been reversed?,reverted_card_payment?,paiement
I was refunded the money for something I bought already.,reverted_card_payment?,paiement
I already got my item but just got my money back,reverted_card_payment?,paiement
I believe that a card payment I made was cancelled.,reverted_card_payment?,paiement
Why would my card payment be cancelled?,reverted_card_payment?,paiement
"I dont know what happened, but my payment was cancelled",reverted_card_payment?,paiement
The card payment didn't work,reverted_card_payment?,paiement
why did my payment revert,reverted_card_payment?,paiement
I made a payment but the app cancelled it.,reverted_card_payment?,paiement
The app reverted my recent payment,reverted_card_payment?,paiement
"My card has an issue, the payment has been deferred.",reverted_card_payment?,paiement
I had a payment reverted and would like to figure out why.,reverted_card_payment?,paiement
"I just checked and my payment was cancelled, why?",reverted_card_payment?,paiement
HELP. My account has been deducted already and the Seller says they haven't received the money yet? When can they expect it?,reverted_card_payment?,paiement
I was checking my statement and I think one of my card payments has reverted,reverted_card_payment?,paiement
Why isn't my payment showing?,reverted_card_payment?,paiement
I cancelled my card payment,reverted_card_payment?,paiement
I just found out from the seller that my money didn't go through. I checked my account and it was deducted at first but now it's back in my account. Can you  please fix this for me quickly?,reverted_card_payment?,paiement
Why was a payment I made reverted?,reverted_card_payment?,paiement
"I need help to resolve mix up on my card payment. My account shows the money was taken out and then put back in the account. Then I received a message from the seller, It said that they did not get my payment.",reverted_card_payment?,paiement
Was my transaction reverted with my card?,reverted_card_payment?,paiement
"My payment was put back, I think.",reverted_card_payment?,paiement
Card payment has be declined.,reverted_card_payment?,paiement
I made a payment but the app gave the money back.,reverted_card_payment?,paiement
I purchased something about one to two weeks ago but for some reason the payment was returned to my account today even though I've already received one of the items. Can you tell me what's going on?,reverted_card_payment?,paiement
"I've got a problem - I bought something with my card one or two weeks ago, but now exact same amount of the purchase is showing up in my account. I like more money in my account, but this is too good to be true. Can you tell me what's happening?",reverted_card_payment?,paiement
I think a card payment I made was cancelled.,reverted_card_payment?,paiement
Unknowingly to me the payment sent to seller has been redeposied back in my account. I do not know why it would take out the payment and then put it back in my account. Can you resolve this as soon as possible?,reverted_card_payment?,paiement
Can you tell me why my card isn't letting me make purchases online? It's been 2 weeks I've been trying.,reverted_card_payment?,paiement
My card payment's cancelled,reverted_card_payment?,paiement
Please help me with my card payments which keeps getting reverted whenever i do online shopping. I am having this problem since last two weeks.,reverted_card_payment?,paiement
"Hello, I was contacted by a seller who let me know my money didn't come through on their side. It most certainly came out of my account so I need this looked at immediately because now it has been returned to me!",reverted_card_payment?,paiement
has my card payment been reverted?,reverted_card_payment?,paiement
I see a reverted payment on my account. Why has this happened?,reverted_card_payment?,paiement
I think the payment from my card was revereted,reverted_card_payment?,paiement
How come I can't find my payment?,reverted_card_payment?,paiement
I tried to buy something online but my funds were transferred back to my account. What is happening?,reverted_card_payment?,paiement
I received a returned payment that I made.,reverted_card_payment?,paiement
Why did the funds for one of my purchase come back to my account?,reverted_card_payment?,paiement
Why would the app revert my payment?,reverted_card_payment?,paiement
It looks like my card payment was sent back.,reverted_card_payment?,paiement
One of my card payments has reverted,reverted_card_payment?,paiement
I was just contacted by a seller that let me know they didn't get my money even though I'm very sure it was removed from my account. Now it's back in my account. Get this resolved quickly.,reverted_card_payment?,paiement
My card payment has not been withdrawn from my account,reverted_card_payment?,paiement
My card payment was reverted,reverted_card_payment?,paiement
I just got refunded for my purchase over two weeks ago,reverted_card_payment?,paiement
Please tell me why the purchase I made online returned payment. I really wanted this item and I've been trying for 2 weeks.,reverted_card_payment?,paiement
"I seem to have a problem here, I bought something about a 2 weeks ago and just now received the payment back into my account and I've already received the item. Can you tell me what is going on here?",reverted_card_payment?,paiement
"I've got a weird problem: I purchased something a week or maybe it was two weeks ago, and the funds have come back into my account! Can you explain this?",reverted_card_payment?,paiement
"I purchased something and the seller hasn't received the money yet, but it has been deducted from my account.",reverted_card_payment?,paiement
I notice that I have a card payment that's been cancelled.,reverted_card_payment?,paiement
why was my payment reverted on the app,reverted_card_payment?,paiement
I did a payment but the app cancelled it.,reverted_card_payment?,paiement
Explain why a card payment would be cancelled?,reverted_card_payment?,paiement
What happens if my card payment is cancelled?,reverted_card_payment?,paiement
"My card payment reverted back, I think.",reverted_card_payment?,paiement
I sent a payment but now it's not showing up.,reverted_card_payment?,paiement
How can I tell if my card payment is reverted?,reverted_card_payment?,paiement
"I'm not sure what is going on here. I've received payment back into my account  for an item I've already received, from about 2 weeks ago.",reverted_card_payment?,paiement
Why was my card payment reversed?,reverted_card_payment?,paiement
Why wasn't my payment accepted by the app,reverted_card_payment?,paiement
Why would a merchant revert a card payment?,reverted_card_payment?,paiement
"Hi, I am facing issue with my card payment while shopping online as payment is getting reverted. I am struggling with this issue around two weeks. Please advise.",reverted_card_payment?,paiement
"I cannot seem to buy something online with my card? the payment comes back, what's going on?",reverted_card_payment?,paiement
A seller is stating that they haven't received money yet when the money has already deducted from my account.,reverted_card_payment?,paiement
I an not sure but it looks as if a card payment I made was cancelled.,reverted_card_payment?,paiement
The money is still in my account even though I already paid -- I don't understand what happened.,reverted_card_payment?,paiement
"I noticed my card payment was cancelled, can you tell me why?",reverted_card_payment?,paiement
I am not able to purchase anything online! I have been using my card on multiple sites over a period of two weeks and none of the payments have gone through. Why is this happening?,reverted_card_payment?,paiement
I believe my card payment has reverted,reverted_card_payment?,paiement
What do I do if my payment was reverted?,reverted_card_payment?,paiement
My payment was stopped,reverted_card_payment?,paiement
My payment was cancelled,reverted_card_payment?,paiement
Is it possible for me to change my PIN number?,change_pin,compte
In what way can I change my PIN and where do I need to be?,change_pin,compte
Can I change my PIN abroad?,change_pin,compte
Do I have to go to the bank to change my PIN?,change_pin,compte
If I want to can I set up a new PIN?,change_pin,compte
Do I need to speak to a representative to change my pin?,change_pin,compte
Can I change my PIN remotely?,change_pin,compte
If i want to change my pin number can I directly from an ATM?,change_pin,compte
Are there any specific cash machines that I have to go to in order to change my PIN?,change_pin,compte
Can I change my PIN at any ATM?,change_pin,compte
Can you tell me how to change my PIN?,change_pin,compte
Is there a way yo change my PIN?,change_pin,compte
Can I change my PIN?,change_pin,compte
What cash machines will let me change my PIN?,change_pin,compte
Do I need to go to an office to change my pin?,change_pin,compte
Can I change my PIN without going to a bank?,change_pin,compte
Can my PIN changed remotely without visiting a bank?,change_pin,compte
Which countries can I change my PIN in?,change_pin,compte
I want a new PIN please.,change_pin,compte
Please help me set up a new PIN.,change_pin,compte
I am on vacation in Spain and need to change my pin.,change_pin,compte
Can I change my PIN in Austria?,change_pin,compte
Can I change my in at all ATM's?,change_pin,compte
I'm travelling abroad but I've run into a situation where I need to change my PIN immediately. Can I do this from here?,change_pin,compte
"I think my pin has been compromised, what do I do?",change_pin,compte
Where do I need to go to change my PIN?,change_pin,compte
Do I have to change my PIN at a bank?,change_pin,compte
Help me with a PIN change.,change_pin,compte
Can I change my pin at a cash machine?,change_pin,compte
Is going to a bank only way to change my PIN?,change_pin,compte
How can I set a new pin.,change_pin,compte
"I think someone saw my PIN and I am on vacation in Spain, can I change it locally at an ATM?",change_pin,compte
"I can't freeze my account as I need the card as I am traveling, how do I change my pin?",change_pin,compte
"While on vacation in Spain I think someone saw my PIN and I now need to change it, can I do this at an ATM in Spain?",change_pin,compte
How do I go about changing my PIN?,change_pin,compte
Your ATM pin can be changed at any VISA or MasterCard ATM with PIN services. Certain countries don't support ATM pin changes.,change_pin,compte
I am on vacation in Spain and think someone saw my pin when… Can I change it at a local ATM?,change_pin,compte
I'm on vacation in Europe but I desperately need to change my PIN. Can I do this from abroad?,change_pin,compte
Can I reset my PIN?,change_pin,compte
I want to change my PIN.,change_pin,compte
What steps do I have to take to change my PIN?,change_pin,compte
I would like to change the the PIN on my card.,change_pin,compte
Please help me change my PIN.,change_pin,compte
Set a new PIN please.,change_pin,compte
How can I change my old pin to a new one?,change_pin,compte
Changing my PIN,change_pin,compte
Can I get a new pin number at any ATM using my card?,change_pin,compte
Tell me how to setup a new PIN.,change_pin,compte
Can my PIN be changed in any cash machine?,change_pin,compte
Help me change my PIN.,change_pin,compte
Are their certain cash machines where I can change my pin?,change_pin,compte
Can I change my PIN if I want to?,change_pin,compte
What ATMs will allow me to change my PIN?,change_pin,compte
"Your card pin can be changed at any Visa or MasterCard ATM with Pin services, excluding countries such as Belgium, Luxembourg, Austria, Germany, Spain, and France.",change_pin,compte
Do I have to go to an actual bank to change my PIN?,change_pin,compte
"Can I change my pin at ATMs?  If so, what ones?",change_pin,compte
Can I change my card PIN?,change_pin,compte
Which atms allow me to change my pin?,change_pin,compte
Tell me what ATMs allow me to change my PIN.,change_pin,compte
Can I change my PIN on holiday?,change_pin,compte
At what ATM can I change my PIN?,change_pin,compte
What are the reasons for my beneficiary not being allowed?,beneficiary_not_allowed,virement
Is there something wrong with the transferring functions? I keep trying to transfer funds and only get an error message.,beneficiary_not_allowed,virement
What are the reasons a beneficiary would be denied?,beneficiary_not_allowed,virement
What is the reason for my beneficiary to be disallowed?,beneficiary_not_allowed,virement
Can someone explain why I'm getting a message on my screen saying my transfer isn't possible? I've done several in the past and haven't had a single problem until now. What's going on?,beneficiary_not_allowed,virement
My transfer to an account failed.,beneficiary_not_allowed,virement
Why is my beneficiary not allowed?,beneficiary_not_allowed,virement
My beneficiary is not allowed?  Why?,beneficiary_not_allowed,virement
I tried to transfer funds to a beneficiary and was denied. Can you tell me why?,beneficiary_not_allowed,virement
What is the reason I couldn't do a transfer to a beneficiary?,beneficiary_not_allowed,virement
Why am I not allowed to add a certain beneficiary?,beneficiary_not_allowed,virement
I'm trying to purchase crypto via the app. I haven't been able to get it to go through. Am I doing something wrong?,beneficiary_not_allowed,virement
Why has my beneficiary been denied?,beneficiary_not_allowed,virement
Why can't I transfer to another account?,beneficiary_not_allowed,virement
Please tell me why I am having problems transferring to a beneficiary.,beneficiary_not_allowed,virement
My attempted transfer keeps kicking back with an error message.  Could you please help me to resolve this?,beneficiary_not_allowed,virement
I just got an error message saying my transfer is not possible? Why is that? I've transferred money before and it worked without problem,beneficiary_not_allowed,virement
My account transfer was not cleared.,beneficiary_not_allowed,virement
"I am getting an error stating my transfer is not possible while transferring money. Let me know the issue as its the first time i am getting error, earlier it used to work.",beneficiary_not_allowed,virement
I wasn't able to do a transfer to an account,beneficiary_not_allowed,virement
why is a transfer to beneficiary not possible?,beneficiary_not_allowed,virement
Why did my transfer to a beneficiary fail?,beneficiary_not_allowed,virement
Explain why I can't do a transfer to an account.,beneficiary_not_allowed,virement
I cannot make a transfer to another account.,beneficiary_not_allowed,virement
Why would a transfer to a beneficiary not go through?,beneficiary_not_allowed,virement
Why couldn't I transfer funds to my beneficiary?,beneficiary_not_allowed,virement
Why can't I transfer money to a beneficiery?,beneficiary_not_allowed,virement
Am I allowed to transfer money to a beneficiary?,beneficiary_not_allowed,virement
Why didn't my transfer to a beneficiary happen?,beneficiary_not_allowed,virement
A transfer was not allowed to an account.,beneficiary_not_allowed,virement
"I want to transfer money to a beneficiary, but I couldn't.",beneficiary_not_allowed,virement
I am trying  to  transfer and  it has been  stopped why is  that,beneficiary_not_allowed,virement
"This is frustrating, I'm at work and my transfers are not going through. I keep getting an error message, I do not have time for this.",beneficiary_not_allowed,virement
"Why is my transfer not working? I tried multiple times to transfer money, and all that happens is an error message pops up.",beneficiary_not_allowed,virement
I have been trying to exchange this for crypto but the app won't work could you please help me?,beneficiary_not_allowed,virement
My beneficiary is unable to transact,beneficiary_not_allowed,virement
I need to move money to another beneficiary. Why is it not working?,beneficiary_not_allowed,virement
I don't understand why you aren't accepting my transfer. After a couple times trying I'm still getting an error message.,beneficiary_not_allowed,virement
I was unable to transfer money to a beneficiary.,beneficiary_not_allowed,virement
I wasn't allowed to transfer to my account,beneficiary_not_allowed,virement
I was trying to purchase some crypto and the app won't allow me to do it. What's the deal with this? I really wanted to complete the exchange.,beneficiary_not_allowed,virement
I have made several unsuccessful attempts to make a transfer.  I'm getting frustrated at getting error messages and it not going through.,beneficiary_not_allowed,virement
My money didnt go through after I transferred.,beneficiary_not_allowed,virement
I tried transferring to an account but it didn't go through. What happened?,beneficiary_not_allowed,virement
why can't my beneficiary make transactions?,beneficiary_not_allowed,virement
Why can't I add any beneficiary I choose?,beneficiary_not_allowed,virement
Why am I unable to transfer money when I was able to before?,beneficiary_not_allowed,virement
The app won't let me transfer money to a beneficiary,beneficiary_not_allowed,virement
Why is my beneficiary not being allowed to get payment services?,beneficiary_not_allowed,virement
Why can't I transfer to an account?,beneficiary_not_allowed,virement
My transfer failed to a beneficiary,beneficiary_not_allowed,virement
I was unable to transfer to another account.,beneficiary_not_allowed,virement
Why was I denied the option to transfer money to a selected beneficiary?,beneficiary_not_allowed,virement
I keep getting an error message when I'm trying to transfer funds! Why aren't you accepting that?,beneficiary_not_allowed,virement
I could not transfer to a beneficiary,beneficiary_not_allowed,virement
Why cant I transfer to my account?,beneficiary_not_allowed,virement
Why  am I being told this  transfer will not  go thru,beneficiary_not_allowed,virement
"Hi,  Is there any problem with app? As i am facing some issues with the exchange of crypto currency. I am extremely interested in buying.",beneficiary_not_allowed,virement
What is preventing me from adding a specific beneficiary?,beneficiary_not_allowed,virement
Why cant I send money to a beneficiary?,beneficiary_not_allowed,virement
It shows that the transfer on my account wasn't allowed.,beneficiary_not_allowed,virement
Hi i received an error message informing me about the transaction failure. I have done the money transfer before and it never failed. Please let me know what is the issue this time.,beneficiary_not_allowed,virement
My card isn't letting me purchase something and I wanted to know why.,beneficiary_not_allowed,virement
is a transfer to a beneficiary allowed?,beneficiary_not_allowed,virement
I've been trying to make a transfer and it hasn't gone through. Now I am receiving an error message.  What is the problem?,beneficiary_not_allowed,virement
I am having trouble transferring money to a beneficiery.,beneficiary_not_allowed,virement
beneficiary transfer problems?,beneficiary_not_allowed,virement
I didn't know there was a charge for tranferring. What is the charge?,transfer_fee_charged,frais
Is there a fee that comes with transfers?,transfer_fee_charged,frais
I've been using my account while abroad for a while but only recently I've been charged a fee. Why am I only being charged a fee now.,transfer_fee_charged,frais
why am I being charged a fee for transferring money ?,transfer_fee_charged,frais
I transferred money from one account to another account and I charged a fee for it. Why is that?,transfer_fee_charged,frais
During the last month I used this account to make payments for my place abroad. I noticed the fees have increased and I wonder why. Shouldn't frequent users have less fees as incentive to keep using instead of increasing them out of nowhere?,transfer_fee_charged,frais
Why did it cost money to transfer funds?,transfer_fee_charged,frais
"A transfer I sent was received in less than the full amount I originally sent, and now I have to send additional funds to cover the full amount. What happened?",transfer_fee_charged,frais
Can you please tell me why I was charged an extra fee on my transfer?,transfer_fee_charged,frais
Why is my transfer more expensive than I thought?,transfer_fee_charged,frais
Why am I being charged to transfer funds?,transfer_fee_charged,frais
I got charged a fee for transferring money.,transfer_fee_charged,frais
I found a transfer fee - is that correct?,transfer_fee_charged,frais
I did a transfer.  What is the extra fee?,transfer_fee_charged,frais
Why was I charged an extra fee when doing a transfer?,transfer_fee_charged,frais
"I was charged a fee for the transfer, but can you tell me why?",transfer_fee_charged,frais
I bought something online and it says there was a fee to transfer money. Isn't that free?,transfer_fee_charged,frais
Why was a fee changed for my transfer?,transfer_fee_charged,frais
"I made a transfer and the receiver did not get the right amount its lesser than what it should be,Now I have to transfer more money to make up for the missing amount . Can you please help me about this, what should be done",transfer_fee_charged,frais
Does transferring money have a fee?,transfer_fee_charged,frais
"Why did the person I transferred money to not receive the correct amount? What should I do to get them the right amount, do I have to transfer more money to them?",transfer_fee_charged,frais
Why is there a fee for my transfer?,transfer_fee_charged,frais
Why has transferring money resulted in a charge?,transfer_fee_charged,frais
How much do I have to pay if I want to transfer money?,transfer_fee_charged,frais
I made a transfer and was charged extra. Why?,transfer_fee_charged,frais
"I thought I can make transfers for free, this is not fair. I bought something online from abroad and there was some weird additional fee that I've never seen before?",transfer_fee_charged,frais
"I transferred some money recently and saw a fee on my account, what's that for?",transfer_fee_charged,frais
Why am I being charged for transfers? Are they not free?,transfer_fee_charged,frais
Why was I charged this extra fee while doing a transfer?,transfer_fee_charged,frais
Is there a money transfer fee?,transfer_fee_charged,frais
I was under the impression that transfers were going to be free and here I was charged for something I bought overseas!  I don't think this fee is right,transfer_fee_charged,frais
Why were there additional charges when I transferred funds?,transfer_fee_charged,frais
My transfer seems to be too expensive.,transfer_fee_charged,frais
who charged my card,transfer_fee_charged,frais
Someone that I had to send money to told me that they didn't receive the full amount I sent them - can you look into this?,transfer_fee_charged,frais
"I transferred 7,000 to a receiver outside the EU and they received a lesser amount than what I sent, Unfortunately, now I must send an additional transfer to the receiver so that they can receive the full amount I initially sent.  I'm not sure why they received a lesser amount than what I initially sen, but can you please look into this and let me know what happened?",transfer_fee_charged,frais
I use my card internationally to manage payments and I just noticed that you are adding additional fees.  Why?  I am a good customer and this has me thinking about leaving.,transfer_fee_charged,frais
I was informed that transfers were free. I noticed I have a fee but why?,transfer_fee_charged,frais
what is this fee for transfering,transfer_fee_charged,frais
This isn't fair! I thought transfers could be made for free. I just made  a purchase online from abroad and now see some strange fee that I've never seen before.,transfer_fee_charged,frais
I was charged a fee for a transfer.,transfer_fee_charged,frais
What is the reason for the fee charge on my transfer?,transfer_fee_charged,frais
I tried to transfer money to a receiver and they didn't get the right amount. What is going on and who do I contact to help me?,transfer_fee_charged,frais
There is a fee from a transfer that is not supposed to be here!,transfer_fee_charged,frais
Why have I been charged a fee for transferring money?,transfer_fee_charged,frais
Are transfers not free? I didn't know I would be charged for transfers.,transfer_fee_charged,frais
Why was I charged a fee for transferring money,transfer_fee_charged,frais
Am I charged a fee to transfer funds?,transfer_fee_charged,frais
Can you please explain why I was charged an extra fee for my transfer?,transfer_fee_charged,frais
I did a transfer and I was charged a fee that shouldn't be there!,transfer_fee_charged,frais
Why was I charged a random fee for a transfer I made?,transfer_fee_charged,frais
"I've used my account frequently over the last month to manage my payments from abroad for my new place. I noticed that my fees have suddenly increased. As a frequent customer, shouldn't I be rewarded rather than suddenly being subject to a new fee?",transfer_fee_charged,frais
I used this account a lot during the last month to manage my payments for my new place abroad. Seems that suddenly fees have increased? Shouldn't you instead reward your frequent customers instead of putting an additional fee suddenly?!,transfer_fee_charged,frais
I thought that transfers are free. Why was I charged an extra fee?,transfer_fee_charged,frais
I thought transfers were free of charge.  I bought something abroad and got charged a ridiculous fee. How do I get this problem fixed.,transfer_fee_charged,frais
Why was there an extra charge when I transferred money?,transfer_fee_charged,frais
"I made a transfer and according to the receiver ""they haven't received the right amount"" Its lesser than it should be.Now I have to transfer more money to make up for the missing amount . Can you please help me about this,what should be done",transfer_fee_charged,frais
I have used this account overseas recently. Has there been an increase in fees that I am unaware of?,transfer_fee_charged,frais
Why did I get charged for a transfer?,transfer_fee_charged,frais
Why was I charged a fee to transfer money?,transfer_fee_charged,frais
Is it free to transfer money or is there a fee?,transfer_fee_charged,frais
Why was money taken for a transfer?,transfer_fee_charged,frais
"I made a transfer and according to the receiver ""they haven't received the right amount"" Its lesser than it should be.Now I have to transfer more money to make up for the missing amount . Can you please help me about this, what should be done ?",transfer_fee_charged,frais
I don't appreciate the extra fees being siphoned from my account. I was helping some friends move to Japan and we were buying home decorations at the local stores. The  receipts differed greatly from what showed up in my bank account and my statement. When can I expect the extra fees to be back in my account?,transfer_fee_charged,frais
A receiver made me aware that they did not receive the full transfer that I made. The amount was showing to be a bit less. I now have to make a second transfer just to make up the difference. Can you reach out and let me know what's going on?,transfer_fee_charged,frais
Why am I being charged for transferring money?,transfer_fee_charged,frais
"After reviewing my charges, I see I was charged a fee for a transfer I did, why?",transfer_fee_charged,frais
Why do I see a fee when I do a transfer?,transfer_fee_charged,frais
I have a fee listed for a transfer.,transfer_fee_charged,frais
Does it cost anything to buy something from another country? Like is there going to be hidden transfer fees or currency conversion fees?,transfer_fee_charged,frais
Why do I have an unexpected fee on my bill?,transfer_fee_charged,frais
"After a transfer, I see an extra fee.  Why?",transfer_fee_charged,frais
Hey I thought transfers were free.  Why are you charging me?,transfer_fee_charged,frais
"I transferred money to a receiver within the EU and they received a lesser amount than expected.  Now I will have to send additional money to the receiver in order to make up the difference.  I'm not sure what went wrong, can you please advise?",transfer_fee_charged,frais
I made a transfer and was charged an extra fee!,transfer_fee_charged,frais
Next time maybe let people know that buying things from another country costs extra. I used my card to purchase an item from another country and I was charged for the item and also an extra fee it looks like. I wasnt aware of this and I think I should get a refund.,transfer_fee_charged,frais
I did a transfer and was charged a fee that should not have been charged!,transfer_fee_charged,frais
Why did I get charged a fee for my transfer?,transfer_fee_charged,frais
I was charge a fee that I wasn't told about,transfer_fee_charged,frais
Why was I charged a fee when making this transfer when I shouldn't have been?,transfer_fee_charged,frais
"I just moved overseas and I noticed that you are charging me more fees.  I am a loyal customer, is this how you expect to keep customers?",transfer_fee_charged,frais
I make payments for my place abroad using this account and since i use it so frequently I was wondering why did the fees increase suddenly rather than decreasing? I would think customers like me should receive incentives for using your service,transfer_fee_charged,frais
Why was there a transfer fee on my account?,transfer_fee_charged,frais
Can my salary be received here?,receiving_money,virement
I am paid by my employer in GBP; do I need to do anything in the app to indicate this?,receiving_money,virement
I would like to know how my friend would be able to send me money,receiving_money,virement
Can I receive my salary with this in another currency?,receiving_money,virement
am i able to receive my salary this way?,receiving_money,virement
How can people transfer money to me?,receiving_money,virement
My salary is deposited in GBP. Do I need to choose the currency?,receiving_money,virement
I received my salary in the wrong currency. How do I change this?,receiving_money,virement
"Do I need to select a preference to receive my salary payments in GBP and, if so, where?",receiving_money,virement
How do I get money from friends?,receiving_money,virement
Is it possible for a friend to personally send me a payment?,receiving_money,virement
What are the steps for my friend to send me money?,receiving_money,virement
Can I receive payments in another currency?,receiving_money,virement
Please show me how my friend can send me money.,receiving_money,virement
Can I receive money in a different countries money?,receiving_money,virement
Can I transfer my salary if its in GBP?,receiving_money,virement
"My salary is in GBP, do I need to exchange it before putting it into my account?",receiving_money,virement
Do I need to convert my currency from GBP before transferring?,receiving_money,virement
can my husband open an account and transfer money,receiving_money,virement
What can I use to receive my salary?,receiving_money,virement
How can I receive money from my friend?,receiving_money,virement
Can I get paid for this in another currency?,receiving_money,virement
Can I transfer money using a different currency?,receiving_money,virement
Can this app take my salary?,receiving_money,virement
May I get my salary paid out in a different currency?,receiving_money,virement
Can my salary be received and transferred to my current currency in my country?,receiving_money,virement
My salary comes in GBP can I change my options somewhere?,receiving_money,virement
How can I receive my salary in another currency?,receiving_money,virement
Are there ways for other people to send me money?,receiving_money,virement
What if I need my salary in another currency?,receiving_money,virement
Will my employer be able to pay me with this service,receiving_money,virement
Is there any way to get my salary in a different currency?,receiving_money,virement
Can I receive payment in another currency?,receiving_money,virement
Can friends send me money?,receiving_money,virement
How can my friend pay me?,receiving_money,virement
"I have obtained the salary in GBP, will it need to be configured?",receiving_money,virement
Can I use a transfer to receive my transfer?,receiving_money,virement
"If my salary is in GBP, do I need to do something?",receiving_money,virement
What is happening?  I have tried to transfer money 5x already.  Is the system down?  This shouldnt be happening as this is a basic transfer.,failed_transfer,virement
Is there a reason that my transfer failed?,failed_transfer,virement
Why was I unable to finish this transfer?,failed_transfer,virement
"I have made 5 attempts to make a very standard survey, yet I can't get it to work. What is the problem? Is there an issue related to your system?",failed_transfer,virement
"Your system is broken. My transfers keep failing, 5 times now.",failed_transfer,virement
I tried to make a transfer like five different times. Why won't your system let me? Is it broke?,failed_transfer,virement
Can you tell me why I wasn't able to complete my transfer?,failed_transfer,virement
What would cause a transfer failure?,failed_transfer,virement
I believe that my transfer hasn't gone through.,failed_transfer,virement
Transfer isn't working?,failed_transfer,virement
Can you tell me why my transfer is failing and help resolve?,failed_transfer,virement
Did  my transfer fail?,failed_transfer,virement
Why hasn't my transfer gone through,failed_transfer,virement
I really need some help to understand why my transfer keeps failing. I'm trying to send money to a friend. Please help.,failed_transfer,virement
"Hi, I am currently in the process of buying a flat and I am waiting for the mortgage to go through but it keeps showing up as an error.  Do you know what could be causing this and can you help me get the money over.",failed_transfer,virement
"The transfer keeps failing - I tried to transfer some money to friends this morning but it keeps getting rejected for some reason, I have no idea why",failed_transfer,virement
I've been trying to do a transfer multiple times and have failed? Is the system down?,failed_transfer,virement
Why did my transfer fail?  What can I do?,failed_transfer,virement
My transfer failed to process correctly. Is there a reason this would happen?,failed_transfer,virement
Can you help me transfer money into my friend's bank account? I tried to do it but it keeps rejecting me. I need to get the money in there asap. I have enough and all the account info is correct.,failed_transfer,virement
My transfer didn't work! Help!,failed_transfer,virement
Is there a reason behind why my transfer did not work?,failed_transfer,virement
Why won't my transfer go through?,failed_transfer,virement
"Hello.  I ran into a problem with a transfer this morning.  I was trying to send money to some friends but when I tried to send it, the transfer failed.  I don't know what is causing the transfer to be rejected.  Please let me know what is causing the problem.  Thanks.",failed_transfer,virement
"Hi there, I've tried to make a transfer 5 different times and its not working. Is your system down or something?",failed_transfer,virement
Why can I not make a transfer?,failed_transfer,virement
The app says my transfer failed,failed_transfer,virement
Why was my transaction not approved?,failed_transfer,virement
I attemped a transfer and it didn't go through.,failed_transfer,virement
is the a reason why my transfer has failed?,failed_transfer,virement
"Hi, I have been transferring money to my friends since morning, but all my transactions were getting failed. Can you please look into this issue.",failed_transfer,virement
What do I need to do to correct this failed transfer?,failed_transfer,virement
I tried to do a transfer and it hasn't worked!,failed_transfer,virement
What went wrong when I tried to do my transfer?,failed_transfer,virement
Why does it say my transfer failed?,failed_transfer,virement
I don't think my transfer wen through. Why?,failed_transfer,virement
"I needed to send my friends some money urgently.  I tried multiple times to transfer the money this morning, but the transfer keeps failing.  Can you tell me why the transfer is getting rejected?",failed_transfer,virement
I tried to make a transfer and it failed.,failed_transfer,virement
"After I attempted a transfer, it failed.",failed_transfer,virement
"What stopped my transfer, from being accepted?",failed_transfer,virement
I've already tried 5 times to complete a transfer that's just standard. What's the deal? Is your system down at this time?,failed_transfer,virement
What caused my transfer to fail?,failed_transfer,virement
How is this transfer supposed to work? It's not working for me.,failed_transfer,virement
I'm trying to purchase a flat but i need my first payment for my mortgage to go through first. I keep getting an error. I'm not sure what is going on but i need help making this transfer.,failed_transfer,virement
My transfer is failing when I try to do it.,failed_transfer,virement
My transfer didn't complete. Why can't I access funds?,failed_transfer,virement
"Hi, I'm trying to purchase a flat and I'm needing the first payment for the mortgage to go through on the flat I'm trying to buy. For some reason I keep getting an error.can you assist in making this transfer? What is going on?",failed_transfer,virement
My transfer didn't work how come?,failed_transfer,virement
Hi I'm sending some money over to an investment bank I do business and the transaction is being rejected. I'm not sure why as I think I have the right details.,failed_transfer,virement
I think my transfer failed. What do I do now?,failed_transfer,virement
I couldn't make a transfer,failed_transfer,virement
Why was I not able to complete my transfer?,failed_transfer,virement
Why was my transaction declined?,failed_transfer,virement
Why wouldn't a transfer go through?,failed_transfer,virement
Why has my payment not transferred?,failed_transfer,virement
I tried to do a transfer but it didn't go through.,failed_transfer,virement
The attempted transfer failed.,failed_transfer,virement
I need help making this transfer. I keep getting an error. I'm trying to purchase a flat but i need my mortgage payment to go through first. Can you help?,failed_transfer,virement
Why does my transfer keep failing? I've tried 5 times and they all failed.,failed_transfer,virement
A mortgage payment I'm making is giving me an error message.  This is the first time I'm making this payment and want to know what's wrong.,failed_transfer,virement
I'm trying to make a bank transfer but It's not going through. Could there not be enough funds to transfer or something? Have I done it too many times?,failed_transfer,virement
I need to know what is going on. I'm attempting to purchase a flat and need the money to pay on my initial mortgage payment. I'm only getting an error. Can you find out what's going on and help in making the transfer?,failed_transfer,virement
I think youre system may be broken because I have tried transfer money 5x and it isnt working!  I'm not doing anything complicated it is what I usually do.,failed_transfer,virement
I am trying to transfer money and something is going wrong.,failed_transfer,virement
I am unsuccessfully trying to make a transfer can you help?,failed_transfer,virement
"When I attempted to make a transfer, it failed.",failed_transfer,virement
Why can't my transfer complete?,failed_transfer,virement
I want to transfer money. How do I do that for my account?,transfer_into_account,virement
How can you assist me on topping up on bank transfers to my account?,transfer_into_account,virement
Can I add money to my account via bank transfer?,transfer_into_account,virement
I want to op up my account by using bank transfer. How do I go about it?,transfer_into_account,virement
Can you please explain how to transfer money using the bank transfer process?,transfer_into_account,virement
How simple is it to transfer money into my account?,transfer_into_account,virement
How can my account have money transferred into it?,transfer_into_account,virement
"I am in desperate need to transfer funds from another account that i have into this one, how do i do that?",transfer_into_account,virement
How do I use bank transfer to top up my account?,transfer_into_account,virement
How do I top up?,transfer_into_account,virement
Can you transfer money to your card by bank transfer?,transfer_into_account,virement
How does it work when I transfer money into my account?,transfer_into_account,virement
How can I add money to my account from another account I have?,transfer_into_account,virement
How can I transfer money into my account?,transfer_into_account,virement
I need to move money from another bank to this account.,transfer_into_account,virement
How would I use a bank transfer for topping my account?,transfer_into_account,virement
My account is devoid of funds. Am I permitted to submit additional money via bank transfer?,transfer_into_account,virement
How does a bank transfer for topping my account work?,transfer_into_account,virement
I'd like to know how transferring my money into my account works.,transfer_into_account,virement
How is my money transferred to the account,transfer_into_account,virement
How do I top up my account with a bank transfer?,transfer_into_account,virement
I need to transfer money to my account from another bank,transfer_into_account,virement
I would like to transfer money into my account.,transfer_into_account,virement
I would like to transfer money from my checking account to my savings account.,transfer_into_account,virement
I want to transfer money into my account,transfer_into_account,virement
What transfer methods do you accept?,transfer_into_account,virement
"I need to transfer money into my account, HOW?",transfer_into_account,virement
Can I transfer money to my card via bank-transfer?,transfer_into_account,virement
I need to know the process to transfer money into my account.,transfer_into_account,virement
What currencies can I use to top up my account?,transfer_into_account,virement
How do I top up my account using transfer?,transfer_into_account,virement
Account topping up bank transfers to my account assistance please?,transfer_into_account,virement
I want to take some funds from my other bank account and add them to this one.,transfer_into_account,virement
I need more money in my account. Can I add more by transferring?,transfer_into_account,virement
How can I transfer money between accounts?,transfer_into_account,virement
I have zero dollars in my account. Can I submit additional funds via bank transfer?,transfer_into_account,virement
What are the steps for  making a transfer for topping up?,transfer_into_account,virement
"For my account, how do I transfer money in?",transfer_into_account,virement
Is a bank transfer acceptable for topping up my account?,transfer_into_account,virement
I need to transfer funds from my other bank account into this bank account.,transfer_into_account,virement
Can I transfer money to my account with the app?,transfer_into_account,virement
Help! My account doesn't show any funds. Is transferring funds an option I can use?,transfer_into_account,virement
How do I transfer cash my into my account?,transfer_into_account,virement
Tell me how to top up my account using bank transfer.,transfer_into_account,virement
"I want to top up by transfering accounts, What do I do?",transfer_into_account,virement
How does your app transfer the money,transfer_into_account,virement
How do I deposit through bank transfer?,transfer_into_account,virement
My account is depleted. Can I transfer funds from another bank?,transfer_into_account,virement
Can you please explain the topping up transfer process?,transfer_into_account,virement
What can I expect if I use bank transfer to top up my account?,transfer_into_account,virement
What steps are taken to transfer money into my account?,transfer_into_account,virement
I am out of money in my account and I was wondering if I could do a bank transfer is put more in it?,transfer_into_account,virement
I am looking to transfer some money from my other bank account into this one.,transfer_into_account,virement
where do i go to transfer money from one account to this one,transfer_into_account,virement
I need money put into this account from another one.,transfer_into_account,virement
Do you know how I can verify that I did a top-up to my card?,verify_top_up,rechargement
Tell me about verifying top-up,verify_top_up,rechargement
How can I verify my top-up card?,verify_top_up,rechargement
Where is the top-up verification code located?,verify_top_up,rechargement
For what reason must I authenticate the top up?,verify_top_up,rechargement
what's my top-up verification code?,verify_top_up,rechargement
Why do the top-ups need to be verified?,verify_top_up,rechargement
Why do you ask for top-up verification?,verify_top_up,rechargement
Where can I find the top up verification code?,verify_top_up,rechargement
How do i verify my card?,verify_top_up,rechargement
How do I find the top-up verification code?,verify_top_up,rechargement
Why does top-up need to be verified?,verify_top_up,rechargement
How can I verify the top-up card?,verify_top_up,rechargement
Why do we need to verify a top-up card?,verify_top_up,rechargement
I have a top up card. Where is the verification code?,verify_top_up,rechargement
How do I verify the top-up?,verify_top_up,rechargement
Why do we need to verify top-up?,verify_top_up,rechargement
Please verify my top-up card,verify_top_up,rechargement
What do I do to verify a top-up?,verify_top_up,rechargement
Is there a way to verify a card top-up?,verify_top_up,rechargement
Why are top-ups being verified?,verify_top_up,rechargement
The top-up verification code is not visible.,verify_top_up,rechargement
"I just tried to top-up and now I'm getting an additional verification message, why?",verify_top_up,rechargement
Help me verify the card used on a top-up.,verify_top_up,rechargement
"On a card top-up, where can I verify?",verify_top_up,rechargement
"I'm trying to verify my top up card, how do I do that?",verify_top_up,rechargement
What is the verification process used for?,verify_top_up,rechargement
Where is the top-up verification code?,verify_top_up,rechargement
I don't see a code anywhere on my top-up card? Where can I find it? I need to verify!,verify_top_up,rechargement
Do I have to verify the top-up?,verify_top_up,rechargement
Why do I need to verify the top-up?,verify_top_up,rechargement
Where can I find the verification code for the top up card?,verify_top_up,rechargement
Why does top-up require verification?,verify_top_up,rechargement
Is the verification number on the top up card,verify_top_up,rechargement
What  is the verification process for a top up card?,verify_top_up,rechargement
I am looking for my top-up verification code and cannot find it.,verify_top_up,rechargement
How do i secure a top-up card?,verify_top_up,rechargement
Why do I need to verify a top-up?,verify_top_up,rechargement
Can I verify my top-up card?,verify_top_up,rechargement
Why should I verify the top-up?,verify_top_up,rechargement
How are top-ups verified?,verify_top_up,rechargement
Do i need to verify my top up?,verify_top_up,rechargement
Where can I find the verification code for a top-up?,verify_top_up,rechargement
What is the top up code for?,verify_top_up,rechargement
Verifying top-up cards necessary?,verify_top_up,rechargement
Tell me how to verify a top up.,verify_top_up,rechargement
What can I do to verify my card?,verify_top_up,rechargement
How do I authenticate my top-up?,verify_top_up,rechargement
What is the verification process for my card?,verify_top_up,rechargement
i don't see the top-up verification code anywhere,verify_top_up,rechargement
Why does a top- up need to be verify?,verify_top_up,rechargement
Help my find the verification code on a top-up.,verify_top_up,rechargement
I need help finding the verification code on the top up card.,verify_top_up,rechargement
How do I go about verifying the top-up card?,verify_top_up,rechargement
"I would like open a second card for my daughter, how can you assist me?",getting_spare_card,carte
Am I gonna be charged for sending out more cards?,getting_spare_card,carte
Would I have to pay anything if I need an additional card?,getting_spare_card,carte
Is it possible to get a second card for my daughter?,getting_spare_card,carte
Can I get a few more physical cards?,getting_spare_card,carte
What's the limit on total number of cards I can have?,getting_spare_card,carte
How much does it cost to get more cards?,getting_spare_card,carte
How can I create another card linked to this account?,getting_spare_card,carte
May I order another card?,getting_spare_card,carte
Can I order a second card?,getting_spare_card,carte
Can I have more physical cards?,getting_spare_card,carte
How many physical cards am I allowed to have?,getting_spare_card,carte
I want to get few more physical cards,getting_spare_card,carte
Do you charge for sending out more cards?,getting_spare_card,carte
I need a second card on this account for my daughter.,getting_spare_card,carte
I have left my card at my parents house. Can you send me a spare one please to use in the meantime?,getting_spare_card,carte
I'd like to order another card,getting_spare_card,carte
Can I have a supplementary card?,getting_spare_card,carte
"I lost my card and need a new one, will it cost me?",getting_spare_card,carte
My daughter need a card from this account. Is that possible?,getting_spare_card,carte
My daughter would like a card from my account?  Can I do this?,getting_spare_card,carte
I'd like to have extra cards. Will I have to pay for that?,getting_spare_card,carte
How do I get a spare card?,getting_spare_card,carte
How do i request more physical cards?,getting_spare_card,carte
I would like more physical cards,getting_spare_card,carte
How do I obtain a second card?,getting_spare_card,carte
Where do I order additional cards?,getting_spare_card,carte
How much would an extra card cost?,getting_spare_card,carte
I would like to use one of my cards for a family member. Is that allowed?,getting_spare_card,carte
Can another family member hold a card for this account in addition to mine?,getting_spare_card,carte
"If I need an additional card, is there a fee for that?",getting_spare_card,carte
I need more physical cards.,getting_spare_card,carte
Does it cost extra to send out more than one card?,getting_spare_card,carte
How do I get extra physical cards?,getting_spare_card,carte
Can I get spare cards?,getting_spare_card,carte
How many cards can I have?,getting_spare_card,carte
"If I want to send out more cards, do you charge extra for that?",getting_spare_card,carte
Do you charge extra for duplicate cards?,getting_spare_card,carte
I would like to get additional physical cards at this time,getting_spare_card,carte
How do I receive more physical cards,getting_spare_card,carte
Would it be possible for me to get a second card?,getting_spare_card,carte
Is there any way to get another card on the same account?,getting_spare_card,carte
I'd like to get another card,getting_spare_card,carte
"If I get another card, what kind of fees am I looking at?",getting_spare_card,carte
How many active cards can I have?,getting_spare_card,carte
What should I do if I want to get another card for someone in my family?,getting_spare_card,carte
How do I order another card?,getting_spare_card,carte
How much is it to send out additional cards?,getting_spare_card,carte
Will it cost me to get a second card?,getting_spare_card,carte
Is there a fee for sending additional cards?,getting_spare_card,carte
Is it possible to have a second card?,getting_spare_card,carte
"I would like to give another card to my daughter, how can I proceed?",getting_spare_card,carte
What's the process to receive a second card?,getting_spare_card,carte
How do I go about ordering another card?,getting_spare_card,carte
Do you send more than one card?,getting_spare_card,carte
Are extra cards free?,getting_spare_card,carte
Do you charge for sending more cards?,getting_spare_card,carte
I want a backup second card. Is this possible?,getting_spare_card,carte
Can I have a spare card for this account please?,getting_spare_card,carte
Can I have more than one card?,getting_spare_card,carte
Is it possible to give a second card from my account to my daughter?,getting_spare_card,carte
"Help me please, I need to top up cash.",top_up_by_cash_or_cheque,rechargement
Do you have any options to top up with a cheque on my account?,top_up_by_cash_or_cheque,rechargement
Will a cheque suffice?,top_up_by_cash_or_cheque,rechargement
I can't find any option to top up with a cheque?,top_up_by_cash_or_cheque,rechargement
How do I top up with a cheque?,top_up_by_cash_or_cheque,rechargement
Can I deposit a check?,top_up_by_cash_or_cheque,rechargement
How can I put more money into my account?,top_up_by_cash_or_cheque,rechargement
How do I top up with cash?,top_up_by_cash_or_cheque,rechargement
I want to top up by cheque,top_up_by_cash_or_cheque,rechargement
How do I use a cheque to top up?,top_up_by_cash_or_cheque,rechargement
I can't find how to top up my account with a check.  Where is that?,top_up_by_cash_or_cheque,rechargement
Do you take checks?,top_up_by_cash_or_cheque,rechargement
Is there such thing as top up by cheque?,top_up_by_cash_or_cheque,rechargement
I got a cheque that I want to top up with?,top_up_by_cash_or_cheque,rechargement
What is not accepted in order for me to top up my account?,top_up_by_cash_or_cheque,rechargement
I want to top up my account with a cheque,top_up_by_cash_or_cheque,rechargement
Can I top up with cash,top_up_by_cash_or_cheque,rechargement
I want to do a cash deposit to top up. How do I do this?,top_up_by_cash_or_cheque,rechargement
Who do I make a check out to if I want to top off my account?,top_up_by_cash_or_cheque,rechargement
How can I top up with a cheque?,top_up_by_cash_or_cheque,rechargement
can i top up with check?,top_up_by_cash_or_cheque,rechargement
Can I top-up by cheque?,top_up_by_cash_or_cheque,rechargement
I'm trying to use a cheque to top up,top_up_by_cash_or_cheque,rechargement
How do you top up with a cheque?,top_up_by_cash_or_cheque,rechargement
where do I go to top up with cash?,top_up_by_cash_or_cheque,rechargement
Can cash be used in physical locations to top up?,top_up_by_cash_or_cheque,rechargement
I wish to top up using a cheque.,top_up_by_cash_or_cheque,rechargement
Where can I find top up by cash deposit?,top_up_by_cash_or_cheque,rechargement
i would like to top up with check,top_up_by_cash_or_cheque,rechargement
I wish to be able to top up with cash.,top_up_by_cash_or_cheque,rechargement
Do you accept cheques for top-up?,top_up_by_cash_or_cheque,rechargement
How do I use a check to top up?,top_up_by_cash_or_cheque,rechargement
Is it possible to top up using a cheque?,top_up_by_cash_or_cheque,rechargement
"Help, I need to top up my account. Where do I send a check?",top_up_by_cash_or_cheque,rechargement
Can you tell me where to find top up by cash deposit?,top_up_by_cash_or_cheque,rechargement
How do I use cash to top up my account?,top_up_by_cash_or_cheque,rechargement
How do I top-up my card with a cheque?,top_up_by_cash_or_cheque,rechargement
I want to use a cheque to pay.,top_up_by_cash_or_cheque,rechargement
Where would I find top up by cash deposit?,top_up_by_cash_or_cheque,rechargement
Can I add to my account using a cheque?,top_up_by_cash_or_cheque,rechargement
how do i get top up with cash deposit,top_up_by_cash_or_cheque,rechargement
May I transfer a cheque into my account?,top_up_by_cash_or_cheque,rechargement
Can I use a check to top up?,top_up_by_cash_or_cheque,rechargement
No option to top up with a cheque ?,top_up_by_cash_or_cheque,rechargement
how can i add money to my account if you don't accept cash,top_up_by_cash_or_cheque,rechargement
I want to use cash to top up.,top_up_by_cash_or_cheque,rechargement
What form of payments can I use for topping up?,top_up_by_cash_or_cheque,rechargement
i have been trying to top up my account with a check but it won't work,top_up_by_cash_or_cheque,rechargement
How do I add cash to my account?,top_up_by_cash_or_cheque,rechargement
How do you top-up using cash?,top_up_by_cash_or_cheque,rechargement
Can I top up my balance with a cheque?,top_up_by_cash_or_cheque,rechargement
I tried to deposit a cheque into my account and it is not letting me.,top_up_by_cash_or_cheque,rechargement
What is your check-cashing policy?,top_up_by_cash_or_cheque,rechargement
I can't find out how to top-up my account using cash.,top_up_by_cash_or_cheque,rechargement
Do you accept cheques for top ups?,top_up_by_cash_or_cheque,rechargement
How much does it cost for a physical card?,order_physical_card,carte
Where can the cards be delivered?,order_physical_card,carte
What do i do to get a physical card?,order_physical_card,carte
Do I have to pay for a physical card?,order_physical_card,carte
"I need an actual card that I can hold in my hand, how do I do that?",order_physical_card,carte
I need to order a new card.,order_physical_card,carte
Can you send me the actual card?,order_physical_card,carte
How do I get a real card?,order_physical_card,carte
How do I go about getting an actual card?,order_physical_card,carte
I would like a physical card,order_physical_card,carte
Where are your cards delivered to?,order_physical_card,carte
Is a physical card also available,order_physical_card,carte
Are physical card available?,order_physical_card,carte
Do you ship your cards anywhere?,order_physical_card,carte
I want a real card,order_physical_card,carte
Where do you deliver cards to?,order_physical_card,carte
Where are the cards delivered to,order_physical_card,carte
What do I owe for a new card?,order_physical_card,carte
Where can I order a card?,order_physical_card,carte
Is there a fee to get an actual card?,order_physical_card,carte
do i need to add money before i order a card,order_physical_card,carte
What does the bank charge for lost or stolen card replacements?,order_physical_card,carte
Is there a fee for physical cards?,order_physical_card,carte
How can receive a physical card,order_physical_card,carte
Help me order my card.,order_physical_card,carte
Where do I go to order my card?,order_physical_card,carte
How do I get my card?,order_physical_card,carte
Where do your cards get delivered to?,order_physical_card,carte
Do I receive the physical card for free,order_physical_card,carte
I really want a physical card. How do I get one?,order_physical_card,carte
I would like a card please.,order_physical_card,carte
I need to get hold of a physical card?,order_physical_card,carte
Can I order a card?,order_physical_card,carte
How to order my card?,order_physical_card,carte
Where can I get a physical card?,order_physical_card,carte
How much for an actual card?,order_physical_card,carte
Can you tell me how do I get a card?,order_physical_card,carte
Can I get an actual card,order_physical_card,carte
How do I order a card?,order_physical_card,carte
What is the process for getting an actual physical card?,order_physical_card,carte
At which locations can I order a card?,order_physical_card,carte
I would really like a physical card.,order_physical_card,carte
Can I get a physical card,order_physical_card,carte
Do I get an actual card?,order_physical_card,carte
How do I receive a card?,order_physical_card,carte
Is there a fee to order a physical card?,order_physical_card,carte
How do I go about ordering a card?,order_physical_card,carte
"I need to get a card, how do I do that?",order_physical_card,carte
What do I need to do in order to get a new card?,order_physical_card,carte
Show me where to order my card.,order_physical_card,carte
IS there anywhere that a card cannot be delivered?,order_physical_card,carte
How do i receive a physical card?,order_physical_card,carte
Where do you mail physical cards?,order_physical_card,carte
Is payment required to get a card of my own?,order_physical_card,carte
Where do I find our how to get a physical card?,order_physical_card,carte
How much is a physical card?,order_physical_card,carte
I want a physical card,order_physical_card,carte
Will you charge for a physical card?,order_physical_card,carte
I'm interested in getting a card. How does one go about doing that?,order_physical_card,carte
Will there be a fee to receive a physical card?,order_physical_card,carte
Where are the cards transported to?,order_physical_card,carte
can i order cards on the app,order_physical_card,carte
Why isn't my disposable virtual card working?,virtual_card_not_working,carte
Why won't my virtual card work?,virtual_card_not_working,carte
Is there a reason why my virtual card won't work?,virtual_card_not_working,carte
My disposable virtual card isn't working.,virtual_card_not_working,carte
I can't use my virtual disposable card,virtual_card_not_working,carte
How do I get this damn virtual card to work?,virtual_card_not_working,carte
I can't get the virtual card to work,virtual_card_not_working,carte
This disposable virtual card is not working.,virtual_card_not_working,carte
i cannot get virtual card to work,virtual_card_not_working,carte
What is the reason I got rejected for using my disposable virtual card to pay a subscription to the gym?,virtual_card_not_working,carte
I can't get my virtual card to work.,virtual_card_not_working,carte
Why can't I make multiple payments with my virtual card?,virtual_card_not_working,carte
My disposable virtual card won't work.,virtual_card_not_working,carte
I tried to use my disposable virtual card to pay a subscription to the gym and it got rejected. Any ideas why?,virtual_card_not_working,carte
What do I have to do to get the virtual card to work?,virtual_card_not_working,carte
What do I do if my disposable virtual card doesn't work?,virtual_card_not_working,carte
I can't make purchases with my virtual card.,virtual_card_not_working,carte
I have a disposable card but it does not work?,virtual_card_not_working,carte
I got less cash because of the exchange rate.,wrong_exchange_rate_for_cash_withdrawal,retrait
Why is the fee for taking money out so high?  I feel I was overcharged and I would have never used this ATM if I would have known ahead of time.,wrong_exchange_rate_for_cash_withdrawal,retrait
I believe a wrong exchange rate was applied towards a cash transaction I made abroad.,wrong_exchange_rate_for_cash_withdrawal,retrait
I think when I withdrew money when out of country the exchange rate was wrong.,wrong_exchange_rate_for_cash_withdrawal,retrait
Why did my exchange rate change?,wrong_exchange_rate_for_cash_withdrawal,retrait
"Hello, in these holidays i have been overcharged on the amount i have withdrawn on one of your ATMs. I did not had any clue about the horrible charges otherwise i would not have withdrawn.",wrong_exchange_rate_for_cash_withdrawal,retrait
"While abroad, I got cash, and the exchange rate applied is wrong.",wrong_exchange_rate_for_cash_withdrawal,retrait
I withdrew  money from the ATM and was overcharged.  It said nothing about an extra fee.,wrong_exchange_rate_for_cash_withdrawal,retrait
The exchange rate for the money I took out in a foreign country is wrong.,wrong_exchange_rate_for_cash_withdrawal,retrait
The exchange rate was messed up from the ATM,wrong_exchange_rate_for_cash_withdrawal,retrait
"After I got my cash, I found out my exchange rate was wrong.",wrong_exchange_rate_for_cash_withdrawal,retrait
"I was abroad and needed some cash, but I think the wrong exchange rate was applied to the transaction.",wrong_exchange_rate_for_cash_withdrawal,retrait
"I traded some of my money from my native country into an ATM to exchange for foreign currency, and the money I received was a different equating amount!",wrong_exchange_rate_for_cash_withdrawal,retrait
Someone may have made an error in figuring out the rate of exchange.  I should have received more cash than I did on my most recent withdrawal.,wrong_exchange_rate_for_cash_withdrawal,retrait
Is there extra fees for making a withdraw in a different country at a cash machine.,wrong_exchange_rate_for_cash_withdrawal,retrait
I didnt get the correct exchange rate for getting cash,wrong_exchange_rate_for_cash_withdrawal,retrait
Do you offer free ATM withdrawals of ones hometown currency while on holiday?,wrong_exchange_rate_for_cash_withdrawal,retrait
Can i get money in my home currency at some ATM ? As I am on holiday and bit concerned because i do not have any cash with me . Is it possible to withdraw without any additional cost.,wrong_exchange_rate_for_cash_withdrawal,retrait
I used the ATM to get money out and did not realize I would be charged as much as I was or I would not have done that!,wrong_exchange_rate_for_cash_withdrawal,retrait
"Hello,  In my most recent ATM transaction, I didn't receive nearly as much cash as I thought I would - what is your exchange rate policy?",wrong_exchange_rate_for_cash_withdrawal,retrait
Using international ATMs messes up the exchange rate.,wrong_exchange_rate_for_cash_withdrawal,retrait
I was needing you to see if the exchange rate is correct from when i got cash,wrong_exchange_rate_for_cash_withdrawal,retrait
I think the bank made a mistake on the exchange rates,wrong_exchange_rate_for_cash_withdrawal,retrait
When I exchanged currencies the value of my money changed.,wrong_exchange_rate_for_cash_withdrawal,retrait
Can i get money back in my home currency at  ATM? As I am on holiday and bit concerned because i do not have any cash with me . Is it possible to withdraw without any additional cost.,wrong_exchange_rate_for_cash_withdrawal,retrait
I don't think the exchange rate was right.,wrong_exchange_rate_for_cash_withdrawal,retrait
I exchanged cash when traveling and the rate was incorrect.,wrong_exchange_rate_for_cash_withdrawal,retrait
what is the exchange rate when i get cash,wrong_exchange_rate_for_cash_withdrawal,retrait
Why is the exchange rate so high? This should have been a much higher amount of cash for that to apply.,wrong_exchange_rate_for_cash_withdrawal,retrait
Is it possible to use an ATM when I am not in the country and make a withdraw with out extra fees?,wrong_exchange_rate_for_cash_withdrawal,retrait
"This past holiday I made a withdraw at the ATM machine, and it seems I've been charged too much.",wrong_exchange_rate_for_cash_withdrawal,retrait
My exchange rate is wrong when I get cash.,wrong_exchange_rate_for_cash_withdrawal,retrait
When I got cash the exchange rate was wrong,wrong_exchange_rate_for_cash_withdrawal,retrait
what is the correct exchange rate for getting cash,wrong_exchange_rate_for_cash_withdrawal,retrait
I think that the exchange rate for the withdrawal of my cash is not right.,wrong_exchange_rate_for_cash_withdrawal,retrait
I wasn't applied the correct exchange rate when getting cash,wrong_exchange_rate_for_cash_withdrawal,retrait
"I need an accurate exchange rate, when I make my withdrawals.",wrong_exchange_rate_for_cash_withdrawal,retrait
Can I withdraw money in my hometown currency while on holiday without any additional fees?,wrong_exchange_rate_for_cash_withdrawal,retrait
Why is the exchange rate wrong for my cash withdrawal?,wrong_exchange_rate_for_cash_withdrawal,retrait
I noticed the exchange rate for cash withdrawal isn't right.,wrong_exchange_rate_for_cash_withdrawal,retrait
what is going on with my cash withdrawal? the exchange rate is wrong,wrong_exchange_rate_for_cash_withdrawal,retrait
When I was abroad the exchange rate for me was wrong.,wrong_exchange_rate_for_cash_withdrawal,retrait
how come when i got cash the exchange rate was different than it should be,wrong_exchange_rate_for_cash_withdrawal,retrait
How can I get money in my home currency while I'm traveling internationally? I wanted to take it out of a local ATM but am worried that I will get charged extra fees.,wrong_exchange_rate_for_cash_withdrawal,retrait
Can I get money in my home currency at an ATM? I'm on vacation and don't have cash with me. This is cause for a bit of concern. Is it possible to withdraw here without additional cost?,wrong_exchange_rate_for_cash_withdrawal,retrait
Can I make a withdraw in my home currency at an ATM? I'm on vacation and am a bit worried because I don't have cash with me. Is it possible to withdraw here without any additional costs or fees?,wrong_exchange_rate_for_cash_withdrawal,retrait
The amount of cash I requested to withdrawal did not match what I received when exchanged,wrong_exchange_rate_for_cash_withdrawal,retrait
I did not have the right exchange rate applied to my situation of pulling out cash,wrong_exchange_rate_for_cash_withdrawal,retrait
I found the exchange rate for my cash withdrawal is wrong,wrong_exchange_rate_for_cash_withdrawal,retrait
The exchange rate for me was wrong when I was abroad.,wrong_exchange_rate_for_cash_withdrawal,retrait
The exchange rate for case abroad is applied wrong.,wrong_exchange_rate_for_cash_withdrawal,retrait
I tried withdrawing money in another country and the exchange rate was wrong.,wrong_exchange_rate_for_cash_withdrawal,retrait
I withdrew some cash and the exchange rate seems to be wrong.,wrong_exchange_rate_for_cash_withdrawal,retrait
I withdraw money abroad but I didn't get the right amount.,wrong_exchange_rate_for_cash_withdrawal,retrait
The applied exchange rate is wrong for the cash I got abroad.,wrong_exchange_rate_for_cash_withdrawal,retrait
Can i get money in my home currency at my ATM ?I am on holiday and bit concerned because i do not have any cash with me .Is it possible to withdraw without any additional cost.,wrong_exchange_rate_for_cash_withdrawal,retrait
I thought I was going to receive more currency?,wrong_exchange_rate_for_cash_withdrawal,retrait
What is wrong with the exchange rate? This should have been a much higher amount of cash for that to apply.,wrong_exchange_rate_for_cash_withdrawal,retrait
"When I got cash, my exchange rate was off.",wrong_exchange_rate_for_cash_withdrawal,retrait
Please tell me how the exchange rate is determined. I was expecting more money for the transaction.,wrong_exchange_rate_for_cash_withdrawal,retrait
the exchange rate was different than expected,wrong_exchange_rate_for_cash_withdrawal,retrait
I think that there was an error in calculating the exchange rate.  I recently withdrew cash and received much less than expected.,wrong_exchange_rate_for_cash_withdrawal,retrait
what are the exchange rates for foreign currency ATMs,wrong_exchange_rate_for_cash_withdrawal,retrait
I'm upset because I got charged a ridiculous fee when making an ATM withdrawal over a holiday weekend.  It didn't notify me beforehand either or I wouldn't have ever done it.,wrong_exchange_rate_for_cash_withdrawal,retrait
"I was using foreign currency at an ATM, but the rate was typed in wrong.",wrong_exchange_rate_for_cash_withdrawal,retrait
The wrong exchange rate was used for my cash withdrawal,wrong_exchange_rate_for_cash_withdrawal,retrait
I'm looking for a machine of yours that will provide me cash from my home country. I went on holiday and don't have any cash on me. Will your machine charge me extra to do this?,wrong_exchange_rate_for_cash_withdrawal,retrait
I withdrew cash and I think the exchange rate is wrong.,wrong_exchange_rate_for_cash_withdrawal,retrait
When I got cash I believe that the exchange rate was wrong,wrong_exchange_rate_for_cash_withdrawal,retrait
I tried to use the ATM with foreign currency. The conversion rate applied was wrong.,wrong_exchange_rate_for_cash_withdrawal,retrait
I am travelling and I tried to withdraw cash but didn't get what I was supposed to get.,wrong_exchange_rate_for_cash_withdrawal,retrait
The exchange rate was wrong in the foreign country I got cash in.,wrong_exchange_rate_for_cash_withdrawal,retrait
The rate of exchange for my cash withdrawal is wrong.,wrong_exchange_rate_for_cash_withdrawal,retrait
"I have a question about ATM transactions. Can I take money out of an ATM when I'm traveling abroad? And, can I get the money in my home currancy?",wrong_exchange_rate_for_cash_withdrawal,retrait
you got the exchange rate wrong for my cash withdrawal,wrong_exchange_rate_for_cash_withdrawal,retrait
I withdrew cash abroad and the exchange rate applied is wrong.,wrong_exchange_rate_for_cash_withdrawal,retrait
I think the exchange rate is wrong for my ATM withdrawal,wrong_exchange_rate_for_cash_withdrawal,retrait
How do I get a disposable virtual card as well?,get_disposable_virtual_card,carte
"I want a disposable virtual card, how do I do that?",get_disposable_virtual_card,carte
What are the disposable cards for?,get_disposable_virtual_card,carte
I need a disposable virtual card. Please tell me how to order one.,get_disposable_virtual_card,carte
Can you tell me about these disposable virtual cards?,get_disposable_virtual_card,carte
Do you offer disposable virtual cards too?,get_disposable_virtual_card,carte
can i get a virtual card online,get_disposable_virtual_card,carte
How can I create a disposable virtual card?,get_disposable_virtual_card,carte
Who can purchase a disposable virtual card?,get_disposable_virtual_card,carte
How does a disposable virtual card work?,get_disposable_virtual_card,carte
What is the function of the disposable cards?,get_disposable_virtual_card,carte
Why would I need a disposable card?,get_disposable_virtual_card,carte
What are the disposable cards used for?,get_disposable_virtual_card,carte
What are these disposable virtual cards all about?,get_disposable_virtual_card,carte
Please send me a disposable virtual card.,get_disposable_virtual_card,carte
I want a virtual card that is disposable,get_disposable_virtual_card,carte
"I would like a disposable virtual card, could I get one?",get_disposable_virtual_card,carte
disposable virtual card can be ordered where?,get_disposable_virtual_card,carte
In what way can I use the disposable cards?,get_disposable_virtual_card,carte
How can I go about getting a disposable virtual card?,get_disposable_virtual_card,carte
I need to get a disposable virtual card?,get_disposable_virtual_card,carte
How can disposable cards be used?,get_disposable_virtual_card,carte
Can you tell me more info about virtual disposable cards?,get_disposable_virtual_card,carte
I need a disposable virtual card.,get_disposable_virtual_card,carte
What is the procedure for depositing a virtual card,get_disposable_virtual_card,carte
I would like to know more about what a disposable virtual card is?,get_disposable_virtual_card,carte
Please tell me about disposable cards.,get_disposable_virtual_card,carte
Can you provide me a disposable virtual card?,get_disposable_virtual_card,carte
Can you help me get a disposable virtual card?,get_disposable_virtual_card,carte
Can you tell me what are disposable cards for?,get_disposable_virtual_card,carte
Where do I get a disposable virtual card?,get_disposable_virtual_card,carte
How do I use disposable cards?,get_disposable_virtual_card,carte
Can you tell me what the disposable cards are used for?,get_disposable_virtual_card,carte
Is there a way to use this app with a disposable virtual card?,get_disposable_virtual_card,carte
Tell me more about getting a virtual disposable card.,get_disposable_virtual_card,carte
"I don't understand what a disposable virtual card is, can you help?",get_disposable_virtual_card,carte
What are these disposable cards meant for?,get_disposable_virtual_card,carte
What do the disposable cards do?,get_disposable_virtual_card,carte
How do I receive a disposable virtual card?,get_disposable_virtual_card,carte
How do I know if i need a disposable card?,get_disposable_virtual_card,carte
Can you tell me how to get a disposable virtual card?,get_disposable_virtual_card,carte
How can I obtain a disposable virtual card?,get_disposable_virtual_card,carte
Is there any way i get a disposable virtual card as well?,get_disposable_virtual_card,carte
I'm interested in learning more about disposable virtual cards.,get_disposable_virtual_card,carte
I need a single use card for shopping online,get_disposable_virtual_card,carte
"I need to deposit my virtual card, how do i do that.",get_disposable_virtual_card,carte
I think my top-up has failed.,top_up_failed,rechargement
Top-up is not working,top_up_failed,rechargement
"My top-up hasn't gone through, what happened?",top_up_failed,rechargement
For what reason did my top-up fail?,top_up_failed,rechargement
Why won't my top up work,top_up_failed,rechargement
"Hi, My card is getting declined continuously when i am trying to top-up. Request you to look into this issue or tell me any other alternatives.",top_up_failed,rechargement
Why did my credit card get declined for top up?,top_up_failed,rechargement
"Hello, there was an error while attempting top-up with my card this morning. I was able to use the card two days ago with no issues. Could you please assist?",top_up_failed,rechargement
Seems like my top-up has failed,top_up_failed,rechargement
"Hey, I attempted to top up my card today and for some reason it didn't work. When I did it the other way it worked just fine. Could you help me figure out why this is happening please?",top_up_failed,rechargement
My credit card for was not approved for a top-up transaction.  What happened?,top_up_failed,rechargement
My credit card did not go through. Can you see if it has insufficient funds?,top_up_failed,rechargement
Can I tell if my top off didn't work?  It doesn't seem to have.,top_up_failed,rechargement
I got my card a few days ago but am unable to top up. I'm thinking about closing my account because of this. What is going on?,top_up_failed,rechargement
Looks like my top up failed.,top_up_failed,rechargement
The top-up I ordered didn't process.,top_up_failed,rechargement
Tell me why my topup wouldn't go through?,top_up_failed,rechargement
"I did a bank transfer to top up, but the money is not available.",top_up_failed,rechargement
What reasons would a topup fail?,top_up_failed,rechargement
Why has my top up failed?,top_up_failed,rechargement
Why has my top-up failed?,top_up_failed,rechargement
I need to top-up my card today urgently but my card keeps getting declined!! Can you please resolve this problem or let me know if you have any alternatives,top_up_failed,rechargement
How can correct Top up with the app to work correctly?,top_up_failed,rechargement
The app rejected my top up,top_up_failed,rechargement
My credit card seems to have been declined for top up. Why is it not going through? Can you tell me what's going on?,top_up_failed,rechargement
My top-up didn't work.,top_up_failed,rechargement
It looks like my top up didn't work.  Why?,top_up_failed,rechargement
I topped up my card but the app rejected it.,top_up_failed,rechargement
I tried to top-up but it got denied.,top_up_failed,rechargement
I think the top up failed,top_up_failed,rechargement
My credit card was just denied for top up! Can you tell me why this happened and what's going on?,top_up_failed,rechargement
My top up has failed,top_up_failed,rechargement
Why is it failing to top-up?,top_up_failed,rechargement
My top-up was declined,top_up_failed,rechargement
Why is my card being declined when I try to do a top-up? How can this be immediately resolved?,top_up_failed,rechargement
The app has rejected my top up.,top_up_failed,rechargement
Why was my top-up rejected?,top_up_failed,rechargement
My credit card got declined for top up! What's going on? Can you check on why it didn't go through?,top_up_failed,rechargement
My top up isnt working,top_up_failed,rechargement
Trouble with my top up,top_up_failed,rechargement
I'm confused as to why my top-up did not go through.,top_up_failed,rechargement
I added money but my top-up wasn't processed by the app.,top_up_failed,rechargement
I really need to top-up my card today urgently but my card keeps getting declined!! Can you please resolve this problem or let me know if you have any alternatives,top_up_failed,rechargement
"I have the funds, why can I not use my top-up?",top_up_failed,rechargement
"Hello, I trying to top up with my card today but it didn't work. When I tried last time it worked but today it isn't. Could you take a look at it for me?",top_up_failed,rechargement
Why are you keeping my money from me by declining my card? What is going on?,top_up_failed,rechargement
Fix my top up,top_up_failed,rechargement
My top up doesn't work,top_up_failed,rechargement
I believe my top up did not work.,top_up_failed,rechargement
Why did the top-up fail?,top_up_failed,rechargement
"I tried to top-up, why didn't it work?",top_up_failed,rechargement
"My top-up does not seem to have worked, what  went wrong?",top_up_failed,rechargement
Top up did not work on the app.,top_up_failed,rechargement
It does not appear that my message went through.,top_up_failed,rechargement
The top up failed,top_up_failed,rechargement
I have been trying unsuccessfully to top-up my card.  Is the system down or not working properly?,top_up_failed,rechargement
Why did my top-up not work?,top_up_failed,rechargement
"Hi I've been trying to top up my card for the past day but it gets declined, I need it topped up urgently! Can somebody get back to me to resolve this or explain any different ways I can top up my card?",top_up_failed,rechargement
Please explain why my top-up didn't go through.,top_up_failed,rechargement
Can you tell me why my credit card was declined while trying to top-up?,top_up_failed,rechargement
"Hi, I am experiencing problems while trying to top-up with my card. I have never experienced any problems doing this before. Could you please help me?",top_up_failed,rechargement
The top-up did not go through.,top_up_failed,rechargement
I don't know why my credit card was declined while I was trying to top-up. Was it something on my end or was there something wrong with the top-up function?,top_up_failed,rechargement
why is my top up failing,top_up_failed,rechargement
"I tried again to top up my card after doing it a couple days ago when it had worked. Now, it doesn't seem to be working. Can you tell me what the deal is here please?",top_up_failed,rechargement
Top up keeps failing,top_up_failed,rechargement
"Hello, I tried to top up with my card, but it didn't work. I just got it a couple days before and it works fine. What's the deal? Can you check into this?",top_up_failed,rechargement
What was the issue with my topping up?,top_up_failed,rechargement
Why would the app deny my top-up?,top_up_failed,rechargement
"I need to add more funds to my card today because it keeps being declined, and I need to use it immediately. Can you fix this or tell me alternatives?",top_up_failed,rechargement
I can't access my money. Is it because somethings wrong with the top-up? I set it up correctly.,top_up_failed,rechargement
I topped up my account but the app failed to process it.,top_up_failed,rechargement
"Um, my top up didn't work",top_up_failed,rechargement
"I need assistance finding out why I am unable to top-up my card, it keeps getting refused.  It is extremely imperative I get this resolved quickly.",top_up_failed,rechargement
I don't think my top up worked,top_up_failed,rechargement
I added funds to my account but the app didn't process it.,top_up_failed,rechargement
Why has my top-up not worked?,top_up_failed,rechargement
Won't let me top my card up!! Who can get it sorted out for me? It's urgent! How do I find out what the problem is with my card and how else to top it up?,top_up_failed,rechargement
There has been a red flag on my top up.,top_up_failed,rechargement
"Hi, I tried to top up my card today and it did not work. I have tried it in the past and it worked just fine but it won't do it anymore. Can you help me out?",top_up_failed,rechargement
I really need to top-up my card today urgently but my card keeps getting declined!! Can you please help me with this problem or let me know if you have any alternatives,top_up_failed,rechargement
help my money isnt showing up,balance_not_updated_after_bank_transfer,virement
how do i see what i transferred,balance_not_updated_after_bank_transfer,virement
Hello. Can you help figure out why the recent transfer from my UK bank account isn't showing up?,balance_not_updated_after_bank_transfer,virement
I've made a transfer from France two days ago but I was wondering if international transfers take longer to arrive because it hasn't made it yet.,balance_not_updated_after_bank_transfer,virement
After I transferred money the balance remained the same.,balance_not_updated_after_bank_transfer,virement
Where is the money that I transferred.,balance_not_updated_after_bank_transfer,virement
"About two days ago now, I made a transfer from France but it hasn't arrived yet. Is it possible that the international transfer just takes longer?",balance_not_updated_after_bank_transfer,virement
Why is my balance the same after a transfer?,balance_not_updated_after_bank_transfer,virement
How long will it take for a bank transfer to show up on my account? It's been a couple hours but I havnt seen anything yet. Also it's from a UK account if that makes any difference.,balance_not_updated_after_bank_transfer,virement
The transfer I made isn't reflected in my balance,balance_not_updated_after_bank_transfer,virement
"Hello I made a bank account transfer from the UK. The transfer was a couple hours ago, nothing has shown up yet.  Can you check to see if everything okay. Please.",balance_not_updated_after_bank_transfer,virement
Money that I have transferred hasn't arrived yet,balance_not_updated_after_bank_transfer,virement
I made a transfer from France two days ago now but there hasn't made it there yet. Do international transfers take longer?,balance_not_updated_after_bank_transfer,virement
I am wondering about a transfer from a different country that doesn't show up yet?,balance_not_updated_after_bank_transfer,virement
I just made a transfer from a UK account. How long does that typically take to show up? I just want to make sure it worked alright.,balance_not_updated_after_bank_transfer,virement
when does my balance update for a transfer,balance_not_updated_after_bank_transfer,virement
I was wondering if international transfers take longer than normal because I made a transfer from France a couple of days ago and nothing has happened yet?,balance_not_updated_after_bank_transfer,virement
"The other bank confirmed a transfer I made, but this account is not reflecting it yet.",balance_not_updated_after_bank_transfer,virement
Why can't I see a transfer to my account?,balance_not_updated_after_bank_transfer,virement
My balance doesn't include my latest transfer,balance_not_updated_after_bank_transfer,virement
How long to UK transfers usually take? I made a transfer but it didn't pop up in my history yet. I just want to make sure it went through.,balance_not_updated_after_bank_transfer,virement
"For you, how long do transfers normally take from a UK account? I completed one just now but nothing appears. I just need to be sure everything is okay.",balance_not_updated_after_bank_transfer,virement
I am still waiting for a transfer I did,balance_not_updated_after_bank_transfer,virement
How long does it take for a bank transfer to show on my balance?,balance_not_updated_after_bank_transfer,virement
"How long do transfers to international banks take? I made one to france a couple of days ago, but it's still not there.",balance_not_updated_after_bank_transfer,virement
My money hasn't been transferred yet.,balance_not_updated_after_bank_transfer,virement
What is the normal time to make an international transfer? I made one a few days ago that still hasn't arrived.,balance_not_updated_after_bank_transfer,virement
How long does transfers take?,balance_not_updated_after_bank_transfer,virement
I transfered my balance a while back.  Why doesn't my account reflect this?,balance_not_updated_after_bank_transfer,virement
When will I see an updated balance after a transfer?,balance_not_updated_after_bank_transfer,virement
There is a missing transfer on my account,balance_not_updated_after_bank_transfer,virement
Can you check if my money has reached my account since it is not showing up yet?,balance_not_updated_after_bank_transfer,virement
Please check to see if the band transfer I made a while ago from my UK account has safely arrived.,balance_not_updated_after_bank_transfer,virement
"I made a bank transfer earlier from my UK account.  I don't see it yet, can you check the status?",balance_not_updated_after_bank_transfer,virement
How long do I need to wait to see an update after I make a bank transfer?,balance_not_updated_after_bank_transfer,virement
"Hello, can you please inform me about international transfers? I am expecting a transfer I made from France two days ago and would like to know when it will arrive.",balance_not_updated_after_bank_transfer,virement
when will the balance on my account change form a transfer,balance_not_updated_after_bank_transfer,virement
I have transferred some money but the balance hasn't changed,balance_not_updated_after_bank_transfer,virement
Where is the transfer that I did?,balance_not_updated_after_bank_transfer,virement
"How long does a transfer from a UK account take? I just made one and it doesn't seem to be working, wondering if everything is okay",balance_not_updated_after_bank_transfer,virement
When will my transfer come through?,balance_not_updated_after_bank_transfer,virement
"How long do transfers from a UK bank account usually take for you? I just made a transfer and I'm not seeing anything, wondering if it worked",balance_not_updated_after_bank_transfer,virement
The balance has not been updated.,balance_not_updated_after_bank_transfer,virement
"Although I transferred some money, it has not as of yet, arrived.",balance_not_updated_after_bank_transfer,virement
I don't see any change in my balance.,balance_not_updated_after_bank_transfer,virement
"I just transferred some money into my account and do not see it updated yet, can you assist?",balance_not_updated_after_bank_transfer,virement
How long does it typically take to make a transfer from a UK bank? I just made one and it hasn't shown up in my account yet.,balance_not_updated_after_bank_transfer,virement
"Hi. A couple hours ago I make a transfer from my UK bank account, but it hasn't shown up. Please, would you see what the delay is?",balance_not_updated_after_bank_transfer,virement
"Hi. About two hours ago I made a transfer from my bank which is in the UK, but I don't see it yet! Would you check what's going on with it, please?",balance_not_updated_after_bank_transfer,virement
When does a UK transfer show up?,balance_not_updated_after_bank_transfer,virement
I do not see the money I transferred into this account,balance_not_updated_after_bank_transfer,virement
How long do transfers take to go though,balance_not_updated_after_bank_transfer,virement
"Transferred to account is not successful, help please?",balance_not_updated_after_bank_transfer,virement
My transfer is pending too long.,balance_not_updated_after_bank_transfer,virement
My account balance has not updated to reflect my recent transfer.,balance_not_updated_after_bank_transfer,virement
How long does it take for money to transfer?,balance_not_updated_after_bank_transfer,virement
Why am I still waiting for a transfer?,balance_not_updated_after_bank_transfer,virement
Why is it taking so long to update my balance transfer?,balance_not_updated_after_bank_transfer,virement
I made a transfer a couple hours ago but my balance has not been updated. Why is this? Shouldnt this be instant?,balance_not_updated_after_bank_transfer,virement
Where is the transfer to my account that I made?,balance_not_updated_after_bank_transfer,virement
I've made a bank transfer but the money doesn't seem to be in my account.,balance_not_updated_after_bank_transfer,virement
"When is my balance going to update, I just transferred some money",balance_not_updated_after_bank_transfer,virement
When will the money from my bank transfer be available?,balance_not_updated_after_bank_transfer,virement
I want to be sure that everything is okay here. I just made a transfer from a UK account and it is still not showing up. How long does this typically take?,balance_not_updated_after_bank_transfer,virement
I recently transferred money to my account when will it show up?,balance_not_updated_after_bank_transfer,virement
I transferred money but the balance hasn't changed.,balance_not_updated_after_bank_transfer,virement
Why is my transfer not showing,balance_not_updated_after_bank_transfer,virement
Why didn't the money I transferred into my account get added to my balance?,balance_not_updated_after_bank_transfer,virement
How long does a transfer from the United Kingdom take? I haven't seen it show up yet in my bank account and want to make sure I get the transfer.,balance_not_updated_after_bank_transfer,virement
Are bank transfers immediate?,balance_not_updated_after_bank_transfer,virement
What happened to the transfer I did?,balance_not_updated_after_bank_transfer,virement
I transferred some money a couple days ago but haven't received it yet. How long should I expect to wait?,balance_not_updated_after_bank_transfer,virement
How long does it take for money to reach my account?,balance_not_updated_after_bank_transfer,virement
The funds I transferred are not in my account,balance_not_updated_after_bank_transfer,virement
Hello I have a UK account.  Can you please check if everything is alright with it?  I made a transfer a couple hours ago but it doesn't show up yet.,balance_not_updated_after_bank_transfer,virement
Can you tell me why the transfer isn't showing up on my account?,balance_not_updated_after_bank_transfer,virement
my transfer isn't there,balance_not_updated_after_bank_transfer,virement
Why wasn't my bank balance updated?,balance_not_updated_after_bank_transfer,virement
When will my transfer process?,balance_not_updated_after_bank_transfer,virement
"Is something wrong with my account, my balance didn't change after I transferred some money",balance_not_updated_after_bank_transfer,virement
I didn't withdraw the amount of cash that is showing up in the app.,cash_withdrawal_not_recognised,retrait
"I saw on the app that a cash withdrawal was completed on my account; however, I did not complete it.",cash_withdrawal_not_recognised,retrait
"Someone has a copy of my card !! I definitely still have it here but someone just made a 500£ cash withdrawal, HELP!",cash_withdrawal_not_recognised,retrait
Why do I see a random withdrawal in my app?,cash_withdrawal_not_recognised,retrait
"Someone has copied my card. I have my card with me, but someone just made a 500£ cash withdrawal. Please help now.",cash_withdrawal_not_recognised,retrait
My wallet was taken and I see that someone is using my card!   Please help me!,cash_withdrawal_not_recognised,retrait
I see cash withdrawal activity in the app that is not mine.,cash_withdrawal_not_recognised,retrait
There is a withdrawal on my account I didn't make.,cash_withdrawal_not_recognised,retrait
"A 500 pound cash withdrawal was just made from my account, but I didn't make it. I am pretty sure my card has been compromised - can you help me?",cash_withdrawal_not_recognised,retrait
What is this witdrawal,cash_withdrawal_not_recognised,retrait
The app says I got cash from an ATM but I didn't,cash_withdrawal_not_recognised,retrait
"Help! I think someone has a copy of my card - I still have my card, but a five hundred pound cash withdrawal that I didn't authorize is shown on my account.",cash_withdrawal_not_recognised,retrait
I believe my card has been compromised as there's a cash withdrawal I don't recognize.,cash_withdrawal_not_recognised,retrait
I was checking my account when I saw a $500 cash withdraw that I know I didn't do.  I have my card so I don't understand how this happened.  Please help me.,cash_withdrawal_not_recognised,retrait
"Hi, Could you please help me as someone has stolen my wallet few hours ago. And a withdrawal is made, please help immediately. As i don't want to suffer more.",cash_withdrawal_not_recognised,retrait
Why is there extra cash in my account?,cash_withdrawal_not_recognised,retrait
What is this cash withdrawal I don't recognize?,cash_withdrawal_not_recognised,retrait
Somebody made a withdrawal from my account for 500. I have my card so how can this be? Does somebody have a duplicate card or something? Help please.,cash_withdrawal_not_recognised,retrait
There is a cash withdrawal from an ATM listed but I don't remember making this withdrawal.,cash_withdrawal_not_recognised,retrait
I saw there is a cash withdrawal from my account via the app which I did not complete.,cash_withdrawal_not_recognised,retrait
What is this cash withdrawal on my statement?,cash_withdrawal_not_recognised,retrait
My app shows cash I didn't get.,cash_withdrawal_not_recognised,retrait
I see non-received cash in my app.,cash_withdrawal_not_recognised,retrait
I see cash in my app but I did not get it.,cash_withdrawal_not_recognised,retrait
My app statement shows I took out cash from an ATM but I did not. What can I do?,cash_withdrawal_not_recognised,retrait
My card shows a cash withdrawal I don't recognize.,cash_withdrawal_not_recognised,retrait
"I am seeing unathorized transactions in the app, on my account.",cash_withdrawal_not_recognised,retrait
I AM MISSING CASH FROM MY BANK ACCOUNT ACCORDING TO MY APP,cash_withdrawal_not_recognised,retrait
There is unexpected money in my account.,cash_withdrawal_not_recognised,retrait
I see a cash withdrawal in the app that I did not do.,cash_withdrawal_not_recognised,retrait
The app says that I got cash in an ATM and I didn't,cash_withdrawal_not_recognised,retrait
Please help me figure out the reason for the odd withdrawal amount from my account?,cash_withdrawal_not_recognised,retrait
What do I do if I do not recognise a cash withdrawal?,cash_withdrawal_not_recognised,retrait
I was the victim of someone stealing my wallet.  My card is being used and it isn't me.  What should I do?,cash_withdrawal_not_recognised,retrait
I think there's been an unauthorized cash withdrawal from my account.,cash_withdrawal_not_recognised,retrait
I am seeing inside the App a some cash withdrawal that is not mine,cash_withdrawal_not_recognised,retrait
My app shows a money withdrawal that I did not do.,cash_withdrawal_not_recognised,retrait
"I was trying to use my card and it was declined, when I tried to find out what happened I found cash withdraw for $500 that I didn't do.  Can you please help figure this out?",cash_withdrawal_not_recognised,retrait
I believe my card has been compromised because of a strange withdrawal,cash_withdrawal_not_recognised,retrait
"According to the app, I got cash from an ATM but I haven't made any transactions.",cash_withdrawal_not_recognised,retrait
It is urgency. Please freeze my card now. As someone in some odd remote town has withdrawn some money by using my card. As i did not withdraw any money.,cash_withdrawal_not_recognised,retrait
There is a cash withdrawal on my statement that I did not make,cash_withdrawal_not_recognised,retrait
"My bank app said that I got cash from an ATM, but that's a mistake.",cash_withdrawal_not_recognised,retrait
"In the app, I see a withdrawal I didn't make.",cash_withdrawal_not_recognised,retrait
"There are incorrect charges on my account, there was a WD that was made by someone else.  I still have my card though.",cash_withdrawal_not_recognised,retrait
I did not get the cash that is showing up in my app.,cash_withdrawal_not_recognised,retrait
there is money in my account that i didnt put there,cash_withdrawal_not_recognised,retrait
Can you tell me what the cash withdrawal is in my statement?,cash_withdrawal_not_recognised,retrait
"I am using the app, and I see cash withdrawals that I did not authorize.",cash_withdrawal_not_recognised,retrait
I did not make a cash withdrawal that is on my statement,cash_withdrawal_not_recognised,retrait
The app shows a withdrawal that I did not make or authorize.,cash_withdrawal_not_recognised,retrait
"Money was taken out without my consent,",cash_withdrawal_not_recognised,retrait
I don't recognize this withdrawal on my statement,cash_withdrawal_not_recognised,retrait
How do I report a cash withdrawal that wasn't me?,cash_withdrawal_not_recognised,retrait
Why is there some cash that I did not deposit in my account?,cash_withdrawal_not_recognised,retrait
Help!  The app says I took out cash but I didn't!,cash_withdrawal_not_recognised,retrait
There has a recent suspicious withdrawal on my bank account. Is it possible to freeze my card?,cash_withdrawal_not_recognised,retrait
There's a cash withdrawal that  didn't make that is showing up.,cash_withdrawal_not_recognised,retrait
I think somebody made an unauthorized copy of my card.  My account has a cash withdrawal for 500£ that I did not make.  Please help.,cash_withdrawal_not_recognised,retrait
"Someone is using my card to purchase flights to New York it's not me because I'm not going to New York, please can you cancel the card and refund the money?",cash_withdrawal_not_recognised,retrait
"Some cash was withdrawn in the app, but I did not do it.",cash_withdrawal_not_recognised,retrait
My wallet got stolen a couple hours ago and now I've seen there already is a withdrawal. Help this is absolutely urgent I don't want to loose more money,cash_withdrawal_not_recognised,retrait
A withdrawal is showing that I don't recognize,cash_withdrawal_not_recognised,retrait
There's a cash withdrawal I am certain I did not make,cash_withdrawal_not_recognised,retrait
Someone else used my card to withdraw cash from an ATM,cash_withdrawal_not_recognised,retrait
There's a $200 withdrawal on my statement that seems fishy to me.,cash_withdrawal_not_recognised,retrait
Help! I think someone has made a cash withdrawal with my card!,cash_withdrawal_not_recognised,retrait
What do I do when a charge has been made that I did not make?,cash_withdrawal_not_recognised,retrait
"I think someone might have a copy of my card because a 500 dollar withdrawal was made, and it wasn't me. Can you please help?",cash_withdrawal_not_recognised,retrait
"Someone has access to my card info.  I still have the card, but someone just withdrew cash.  How do I get this corrected/stopped?!",cash_withdrawal_not_recognised,retrait
"I see in the app some cash was withdrawn, but it's not mine.",cash_withdrawal_not_recognised,retrait
What is the strange cash withdrawal on my statement?,cash_withdrawal_not_recognised,retrait
Why would the app show a withdrawal that I did not make?,cash_withdrawal_not_recognised,retrait
i didnt put that money in my account,cash_withdrawal_not_recognised,retrait
Some cash withdrawal that I didn't make showed up in the app.,cash_withdrawal_not_recognised,retrait
There is a cash withdrawl I don't remember.,cash_withdrawal_not_recognised,retrait
I have a cash withdrawal that I don't recognize.,cash_withdrawal_not_recognised,retrait
"Please help me, its urgent. Someone has withdrawn money from my account as few hours before my wallet has been. Now i want to stop withdrawal of more money.",cash_withdrawal_not_recognised,retrait
There is a cash withdrawal on my statement that I don't recognize,cash_withdrawal_not_recognised,retrait
The app is showing mt withdrawals that aren't  mine.,cash_withdrawal_not_recognised,retrait
"There has been an unusual withdrawal from my account, can you help?",cash_withdrawal_not_recognised,retrait
Some cash I didn't get shows in my app,cash_withdrawal_not_recognised,retrait
Do you charge a fee on currency exchange?,exchange_charge,frais
What is the current exchange fee?,exchange_charge,frais
Does it cost extra to exchange foreign currencies?,exchange_charge,frais
How much more do you charge for currency exchange?,exchange_charge,frais
exchanging currencies costs what?,exchange_charge,frais
How much will I be charged for a cross-currency exchange?,exchange_charge,frais
How much extra will I be charged for exchanging foreign currency?,exchange_charge,frais
How much to exchange currencies?,exchange_charge,frais
Could you help my figure out the exchange fee?,exchange_charge,frais
What kind of costs are involved for exchanging currency?,exchange_charge,frais
Are there any discounts in exchanging currencies frequently?,exchange_charge,frais
What is the charge for exchanging currencies?,exchange_charge,frais
how much do I have to pay for exchange of currency?,exchange_charge,frais
I need to exchange foreign currency will i be charged?,exchange_charge,frais
"Since I need to exchange currencies frequently, would you be able to offer me a discount?",exchange_charge,frais
"If I exchange currencies on a regular basis, is there a discount?",exchange_charge,frais
What's the cost for exchanges?,exchange_charge,frais
How much does currency exchange cost?,exchange_charge,frais
is there a frequent currency discount?,exchange_charge,frais
Will I get charged on a foreign currencies exchange?,exchange_charge,frais
"I travel a lot, can I get a bulk currency exchange discount?",exchange_charge,frais
what is the cost for exchanging currencies?,exchange_charge,frais
Do exchanges cost more?,exchange_charge,frais
"I've been to several different countries, can I exchange the cash with a discount for a large transaction?",exchange_charge,frais
I exchange currencies a lot.  Can I get a discount?,exchange_charge,frais
Is there a charge for exchanging foreign currencies?,exchange_charge,frais
What is the fee for accepting money from a foreign country?,exchange_charge,frais
Is there a fee for currency exchange?,exchange_charge,frais
How much do you charge for exchange rates?,exchange_charge,frais
Will I have to pay extra to exchange money?,exchange_charge,frais
"If I exchange foreign currency, are there any other charges?",exchange_charge,frais
Do you offer a discount for those who perform frequent currency exchanges?,exchange_charge,frais
What kind of charges should I expect to exchange currencies?,exchange_charge,frais
What is your currency exchange fee?,exchange_charge,frais
What fee will be charged for exchanges?,exchange_charge,frais
Can I have a discount if I exchange currency often?,exchange_charge,frais
Will you charge me for exchanging foreign currencies?,exchange_charge,frais
How high is the exchange fee?,exchange_charge,frais
"If I exchange currencies frequently, is there a discount?",exchange_charge,frais
How much is the charge for a foreign currency exchange?,exchange_charge,frais
Please tell me what the exchange fee is.,exchange_charge,frais
Please provide currency exchange rates,exchange_charge,frais
Will there be any extra fees if I exchange currencies?,exchange_charge,frais
Does it cost anything to do currency exchanges?,exchange_charge,frais
"If someone in a different country sends me money, do I have to pay a fee?",exchange_charge,frais
how much is it to exchange currency,exchange_charge,frais
Do I have to pay more for exchanges?,exchange_charge,frais
Can I be charged for exchanging foreign currency?,exchange_charge,frais
"Would you be able to offer me a discount, since I need to exchange currencies frequently?",exchange_charge,frais
I wanted to know what discounts were offered for current exchanges as it is something that occurs frequently.,exchange_charge,frais
Are there any fees when exchanging to foreign currencies?,exchange_charge,frais
are there any exchange fees,exchange_charge,frais
Is there an extra fee to exchange currencies?,exchange_charge,frais
What is the fee for a foreign currency exchange?,exchange_charge,frais
where do i find out about exchange fees,exchange_charge,frais
What exactly is the exchange fee?,exchange_charge,frais
I need to exchange some foreign currency. What's the charge for doing that?,exchange_charge,frais
Is there an additional charge to exchange currencies?,exchange_charge,frais
What is the fee for topping up a US card?,top_up_by_card_charge,frais
Is there a charge for topping up by card?,top_up_by_card_charge,frais
Which US cards have top up charges?,top_up_by_card_charge,frais
How much are the fees for adding funds using an international card?,top_up_by_card_charge,frais
"I need to top up, but I have to use an international card.  Is there a cost for that?",top_up_by_card_charge,frais
Is there a fee to add money to an international card?,top_up_by_card_charge,frais
Do I get charged for a top up from a European bank?,top_up_by_card_charge,frais
how much is the fee for topping by card,top_up_by_card_charge,frais
What is the fee if I use a European bank for a top up?,top_up_by_card_charge,frais
Are there any charges for using a bank card to top up,top_up_by_card_charge,frais
How much are you going to charge me if I top up my US card?,top_up_by_card_charge,frais
If I top up using a European card is there a charge?,top_up_by_card_charge,frais
Do you charge extra for topping up with a debit or credit card?,top_up_by_card_charge,frais
Is there a fee for european bank cards?,top_up_by_card_charge,frais
What are the top up charges for all US cards?,top_up_by_card_charge,frais
Is there a top charge for US cards?,top_up_by_card_charge,frais
Are there going to be fees from adding money with an international card?,top_up_by_card_charge,frais
Does it cost anything to top up?,top_up_by_card_charge,frais
Are there any charges for topping up a US-issued card?,top_up_by_card_charge,frais
What fees to you have for top ups?,top_up_by_card_charge,frais
Is there a fee to top up a US card using a debit or credit card?,top_up_by_card_charge,frais
Do I get charged if I top up with my European bank card?,top_up_by_card_charge,frais
What do you charge to top up US cards?,top_up_by_card_charge,frais
Are there top up charges for US cards?,top_up_by_card_charge,frais
How much does it cost to top up a US-issued card?,top_up_by_card_charge,frais
Will you charge me for topping up with a European card?,top_up_by_card_charge,frais
Are there fees for using an international card to top up?,top_up_by_card_charge,frais
I topped off my card is that something you will charge me for?,top_up_by_card_charge,frais
Can I top up for free using a European card?,top_up_by_card_charge,frais
Is USD free to top up with a US card?,top_up_by_card_charge,frais
how much do you charge to top up US cards?,top_up_by_card_charge,frais
what is the fee for topping up by card?,top_up_by_card_charge,frais
Are there any charges for topping up my card?,top_up_by_card_charge,frais
Is there a top-up fee if you add money in USD?,top_up_by_card_charge,frais
Will I get charged for topping up with an international card?,top_up_by_card_charge,frais
how much for topping up by card?,top_up_by_card_charge,frais
Do you have any card fees if I want to add money using an international card?,top_up_by_card_charge,frais
Is there a fee for topping up a card?,top_up_by_card_charge,frais
Will you charge me more if I use a European bank card for a top up?,top_up_by_card_charge,frais
Can I get information on topping up?,top_up_by_card_charge,frais
Are there any charges for top ups?,top_up_by_card_charge,frais
Would I be charged any fees if I added money to my account using an international card?,top_up_by_card_charge,frais
What do I need to know about topping up?,top_up_by_card_charge,frais
What options do I have when topping up a US card?,top_up_by_card_charge,frais
How much does it cost to us US cards?,top_up_by_card_charge,frais
I am worried about fees for top up cards?,top_up_by_card_charge,frais
"If I add money with an international card, are there any fees?",top_up_by_card_charge,frais
can I be charged for topping up by card,top_up_by_card_charge,frais
What fees are there for adding money using an international card,top_up_by_card_charge,frais
Are there fees for adding money with an International card?,top_up_by_card_charge,frais
European bank card for top up will come with any extra fees?,top_up_by_card_charge,frais
Will you charge me more if I top up with an international card?,top_up_by_card_charge,frais
Will I be charged for adding money using an international card?,top_up_by_card_charge,frais
How much is it to use my US debit or credit card to top up?,top_up_by_card_charge,frais
Will there be any fees for top ups?,top_up_by_card_charge,frais
How much does top up fees cost?,top_up_by_card_charge,frais
"I want to add money to my international card, so are there any fees charged to do this?",top_up_by_card_charge,frais
Please help me with my card.  It won't activate.,activate_my_card,carte
How do I verify my new card?,activate_my_card,carte
How do i activate my card,activate_my_card,carte
Help me activate my new card.,activate_my_card,carte
Do I need a photo ID to activate a my new card?,activate_my_card,carte
"I just got my new card, how do I activate it?",activate_my_card,carte
Can I have my card activated?,activate_my_card,carte
i cant seem to activate card,activate_my_card,carte
I want to use my card. How do I activate it?,activate_my_card,carte
Can I get some help activating my new card?,activate_my_card,carte
How do I activate my new card I just got?,activate_my_card,carte
Can I get some help to get me card activated?,activate_my_card,carte
I want to activate my new card.,activate_my_card,carte
Can I activate my card?,activate_my_card,carte
I need assistance with activating my new card.,activate_my_card,carte
How do I get my card active?,activate_my_card,carte
What is needed to activate my card?,activate_my_card,carte
How can my new card be activated?,activate_my_card,carte
Can you activate my card pls,activate_my_card,carte
How do I turn on my new card?,activate_my_card,carte
Please assist me in activating the card.,activate_my_card,carte
Would you be so kind as to activate my card? Thanks,activate_my_card,carte
I tried activating my card and it doesn't work how do I solve this problem?,activate_my_card,carte
Can I activate my card with the app?,activate_my_card,carte
"Hi, would you please activate my card?",activate_my_card,carte
"How do I activate my card, so that I can start using it?",activate_my_card,carte
I need my card activated.,activate_my_card,carte
I just received my card and I'd like to activate it.,activate_my_card,carte
When are you going to activate my card?,activate_my_card,carte
How can I activate my new card?,activate_my_card,carte
What do I do to activate?,activate_my_card,carte
"My new card just arrived, how can I activate it?",activate_my_card,carte
I am having trouble activating my card.,activate_my_card,carte
My card is not able to be activated how do I get it to work?,activate_my_card,carte
How can I activate the new card i got?,activate_my_card,carte
What is the most efficient way to activate my new card?,activate_my_card,carte
Who do I call to activate my new card?,activate_my_card,carte
"You can activate your card in a few seconds by going to account, hitting activate, and just following the directions.",activate_my_card,carte
My card activation is failing.,activate_my_card,carte
"I need to activate my card, how is that done?",activate_my_card,carte
I would like to activate my card what do I need to do?,activate_my_card,carte
How long does it take to activate my card?,activate_my_card,carte
How do I activate my card so I can start using it?,activate_my_card,carte
Explain the activation method for this card,activate_my_card,carte
My new card came in.  How do I activate?,activate_my_card,carte
what are the steps to activate my card?,activate_my_card,carte
I have a new card and need to activate it,activate_my_card,carte
I would like to get help from someone in your customer service department with assisting me with activating my card.,activate_my_card,carte
What information do I need to gather in order to activate my card?,activate_my_card,carte
what do i need to have with me to activate card,activate_my_card,carte
What am I going to need in order to activate my card?,activate_my_card,carte
Show me how to activate my card,activate_my_card,carte
Can you tell me how I go about activating a new card?,activate_my_card,carte
My new card needs activating.,activate_my_card,carte
Where do I activate my card?,activate_my_card,carte
My card activation attempt failed.,activate_my_card,carte
Would it be possible to activate my card?,activate_my_card,carte
Card activation steps,activate_my_card,carte
Do I have to go somewhere to activate my card?,activate_my_card,carte
What do I do to activate my new card?,activate_my_card,carte
I just got a new card how do I get it to start working?,activate_my_card,carte
How can I switch on my new card?,activate_my_card,carte
"With my new card, how may I activate it?",activate_my_card,carte
What identification is required to activate my card?,activate_my_card,carte
The activation process for my card isn't working.,activate_my_card,carte
Could you please tell me how to activate my new card?,activate_my_card,carte
I would like my card activated.,activate_my_card,carte
Can I use my new card?,activate_my_card,carte
I have a new card. How do I activate it?,activate_my_card,carte
"Just received my replacement card, what steps do i need to take to activate it?",activate_my_card,carte
Where do I go to activate my card?,activate_my_card,carte
Is my new card activated?,activate_my_card,carte
What do I need to do in order to use my card I just got?,activate_my_card,carte
Why is there a charge when I took out money?,cash_withdrawal_charge,frais
I made a cash withdrawl and there is a charge.  What is this?,cash_withdrawal_charge,frais
I am inquiring about why there was an extra fee charged when I used an ATM.,cash_withdrawal_charge,frais
Why am I charged to get money from the ATM?,cash_withdrawal_charge,frais
Is there an extra fee for using an ATM?,cash_withdrawal_charge,frais
Why did they take more money out then I withdrawed?,cash_withdrawal_charge,frais
I was charged for getting cash.,cash_withdrawal_charge,frais
"Hello, I have a question concerning an unfamiliar fee that I notice on my account. I see that you guys charge for ATM withdrawal. Never notice this fee until now. Can you please explain?",cash_withdrawal_charge,frais
I made a transaction at an atm and was charged extra for it.,cash_withdrawal_charge,frais
"I was charged extra when I made a cash withdraw, why?",cash_withdrawal_charge,frais
Why was I charged for cash withdrawal?,cash_withdrawal_charge,frais
Why was there a fee on my cash withdrawal?,cash_withdrawal_charge,frais
Since when do you charge to make a withdrawal? I've always done it for free. So how much is it now?,cash_withdrawal_charge,frais
WHY IS THERE AN EXTRA FEE FOR USING THE ATM??!!!,cash_withdrawal_charge,frais
Is the fee with my cash withdrawal a mistake?,cash_withdrawal_charge,frais
Why did using an ATM cause me to have an extra fee charged?,cash_withdrawal_charge,frais
Why am I being charged for ATM fees?,cash_withdrawal_charge,frais
Why have I been charged for pulling cash out of my own account?,cash_withdrawal_charge,frais
"So, I was just charged for my recent ATM withdrawal and any withdrawal prior to this has been free. What is the issue here?",cash_withdrawal_charge,frais
When I got cash I was charged an extra fee!  Explain!,cash_withdrawal_charge,frais
"I am not supposed to be charged a cash withdrawal fee, but I was.",cash_withdrawal_charge,frais
I have a question about fee for cash withdraw.,cash_withdrawal_charge,frais
Could you explain your rules for ATM fees?,cash_withdrawal_charge,frais
How much can I withdrawal in one month without incurring fees?,cash_withdrawal_charge,frais
"I just pulled money out of the ATM and was charged a fee, WHy?",cash_withdrawal_charge,frais
Why was I charged for withdrawing cash?,cash_withdrawal_charge,frais
I took out money and there is a fee.  Why?,cash_withdrawal_charge,frais
"This is not right, I was told I could take out cash at the ATM for free?",cash_withdrawal_charge,frais
What's up with the fee for getting cash?,cash_withdrawal_charge,frais
I just had a look at my statement. Why have I been changed for using the ATM?,cash_withdrawal_charge,frais
Is there a reason I was charged an extra fee for using the ATM?,cash_withdrawal_charge,frais
There was an extra fee when I was at the ATM.  Why?,cash_withdrawal_charge,frais
Why is it I am charged an extra fee when I use the ATM?,cash_withdrawal_charge,frais
Tell me why there is a charge on my cash withdrawl.,cash_withdrawal_charge,frais
Why was I charged for getting cash?,cash_withdrawal_charge,frais
Why am I being charged to make cash withdrawals? I thought they were supposed to be free!,cash_withdrawal_charge,frais
I should not have been charged a fee for cash withdrawal.,cash_withdrawal_charge,frais
I got charged a fee that shouldn't be there from my cash,cash_withdrawal_charge,frais
I was charged a fee for withdrawing cash.,cash_withdrawal_charge,frais
"I got this stupid fee after taking cash out, why?",cash_withdrawal_charge,frais
Why have I all of a sudden been charged for my ATM withdrawal? I thought the withdrawals were free because this is the first time I've ever had this problem.,cash_withdrawal_charge,frais
Can you tell me why I was charged to withdraw cash?,cash_withdrawal_charge,frais
Why was I charged a fee when I withdrew money?,cash_withdrawal_charge,frais
How come my cash withdrawal came with an unnecessary fee?!,cash_withdrawal_charge,frais
Will I be charged for a cash withdrawal?,cash_withdrawal_charge,frais
The bank charged me fees for withdrawing cash!,cash_withdrawal_charge,frais
I used an ATM and wanted to know why I was charged an extra fee.,cash_withdrawal_charge,frais
Is there a fee for a cash withdrawal?,cash_withdrawal_charge,frais
"I received a fee for obtaining cash, is this correct?",cash_withdrawal_charge,frais
Tell me why there is an extra charge when I used an ATM?,cash_withdrawal_charge,frais
Why did you charge me extra for withdrawing money?,cash_withdrawal_charge,frais
Is there always a charge when withdrawing money?,cash_withdrawal_charge,frais
Why am I being charge a fee when using an ATM?,cash_withdrawal_charge,frais
Are there ATM fees?,cash_withdrawal_charge,frais
"Is there a fee when I get cash from an ATM? Is there a limit I can take out? If there is a fee, what is it?",cash_withdrawal_charge,frais
Why did I get a fee for getting cash?,cash_withdrawal_charge,frais
Why did I get charged when getting cash?,cash_withdrawal_charge,frais
I got charged fees for withdrawing cash!,cash_withdrawal_charge,frais
Since when were there charges for taking out cash from my account? It's always been free for me to do this before.  How much are the charges going to be?,cash_withdrawal_charge,frais
There was an extra fee on my account when I got cash.,cash_withdrawal_charge,frais
Why am I being charged for getting cash?,cash_withdrawal_charge,frais
What's going on? I was just recently charged for an ATM withdrawal. I've never seen this charge before and before it's always been free.,cash_withdrawal_charge,frais
Why am I being charged certain fees? I noticed a fee after I withdrew some money for groceries earlier today.,cash_withdrawal_charge,frais
Have you started charging for cash withdrawals? I always thought it was free until I noticed this fee. How much is the fee?,cash_withdrawal_charge,frais
Can you tell me why I was charged extra when I withdrew money?,cash_withdrawal_charge,frais
"It seems I've suddenly been charged for my recent ATM cash withdrawal. What's up with that? I though withdrawals are free, you never charged me so far!",cash_withdrawal_charge,frais
Why was I charged when taking out money?,cash_withdrawal_charge,frais
Do I get charged for withdrawals?,cash_withdrawal_charge,frais
I was recently charged for withdrawing money from my bank ATM. How can that be possible when I haven't been charged for using it before?,cash_withdrawal_charge,frais
Why did I get charged for withdrawing cash?,cash_withdrawal_charge,frais
What was the extra charge for withdrawing money?,cash_withdrawal_charge,frais
Why did using an ATM cause me to be charged an additional fee?,cash_withdrawal_charge,frais
to cash withdrawals charge me?,cash_withdrawal_charge,frais
Why was I charged a fee on a cash withdrawal?,cash_withdrawal_charge,frais
i withdraw cash from the ATM and was charged a fee,cash_withdrawal_charge,frais
what is this extra charge for a withdrawal?,cash_withdrawal_charge,frais
I have a strange transaction on my account which appears to pertain to a cash withdrawal I made outside Nandos in Leeds.  What is that for?  Is it fraud?,cash_withdrawal_charge,frais
"The past few times I've been to the ATM, I was charged a withdrawal fee. Have your policies changed regarding fees?",cash_withdrawal_charge,frais
Why am I charged whenever I withdraw cash?,cash_withdrawal_charge,frais
Why did you charge me extra when I withdrew cash?,cash_withdrawal_charge,frais
I used an ATM and there was an extra charge.,cash_withdrawal_charge,frais
"that fee should not be there, you charged my cash for an unnecessary thing.",cash_withdrawal_charge,frais
Why was there an extra charge with the withdrawal of my money?,cash_withdrawal_charge,frais
Why did you charge a fee when I withdrew from an ATM?,cash_withdrawal_charge,frais
Why was I charged a fee for withdrawing money off my card?,cash_withdrawal_charge,frais
"I withdrew money and got a fee, please explain",cash_withdrawal_charge,frais
I noticed a different charge while I was taking my money out.,cash_withdrawal_charge,frais
Why was I charged a fee for withdrawing money?,cash_withdrawal_charge,frais
Do cash withdrawals cost anything?,cash_withdrawal_charge,frais
Why is there a fee for getting cash?,cash_withdrawal_charge,frais
Are there any express fees if i want my new card faster?,card_about_to_expire,carte
Do I need to do something to get a new card once it expires?,card_about_to_expire,carte
Can I get a new card with new expiration date in China?,card_about_to_expire,carte
Are there restrictions on new cards in China?,card_about_to_expire,carte
My card expires next week. How do I get a new one?,card_about_to_expire,carte
What is the cost and time frame of getting a new card?,card_about_to_expire,carte
Is it possible to get a new card in China?,card_about_to_expire,carte
My card is about to expire.  How do I get a new card?,card_about_to_expire,carte
Will I receive a new card when mine expires?,card_about_to_expire,carte
What do I do if my card expires soon?,card_about_to_expire,carte
"If I am in China, can I still order a new card and if so, how?",card_about_to_expire,carte
"In a month, my card will reach its expiration date, am I required to request the next card?",card_about_to_expire,carte
Will I be sent a new card before mine expires?,card_about_to_expire,carte
How can I replace an expired card?,card_about_to_expire,carte
After my card expires what should I do?,card_about_to_expire,carte
I'm in China and need a new card. Please help.,card_about_to_expire,carte
What is the procedure for an expired card?,card_about_to_expire,carte
What happens after my card expires?,card_about_to_expire,carte
Where can I order a card when I am in China?,card_about_to_expire,carte
How do I replace a card that's going to expire?,card_about_to_expire,carte
What steps should I take before my card expires?,card_about_to_expire,carte
Can I wait for you to send me a new card when mine's about to expire?,card_about_to_expire,carte
"When my card expires soon, how fast is the replacement card sent and what are the costs?",card_about_to_expire,carte
Can I order a new card to China?,card_about_to_expire,carte
Is ordering a new card from China available?,card_about_to_expire,carte
My card is about to expire.  Are there any costs with a replacement card?  How quick do you mail it to me?,card_about_to_expire,carte
"The expiration date on my card is very soon, and I need to get a new one.  What are the price and delivery options for my replacement card?",card_about_to_expire,carte
If my card is about to expire how long would it take to receive a new one and how much would that cost me?,card_about_to_expire,carte
My card is about to expire.  How do I order another?,card_about_to_expire,carte
I need to order a new card as my old one will expire soon. Can you tell me how to order a new one?,card_about_to_expire,carte
When my card expires what is the cost of a replacement and how fast?,card_about_to_expire,carte
"My card will expire next month, will I need to order a new one?",card_about_to_expire,carte
Am I able to get this shipped to China?,card_about_to_expire,carte
"The expiration date for my card is coming up, how do I get a new card?",card_about_to_expire,carte
Tell me how to replace my expired card.,card_about_to_expire,carte
Can I order a new card by phone?,card_about_to_expire,carte
My card is about to expired what will happen?,card_about_to_expire,carte
Please inform me how to get a new card as mine is about to expire.,card_about_to_expire,carte
"My card expires soon, will you send me one automatically?",card_about_to_expire,carte
want a new card what are the fees,card_about_to_expire,carte
My card's expiration date is close.,card_about_to_expire,carte
What will happen after my card expires?,card_about_to_expire,carte
Can I get a new card in China?,card_about_to_expire,carte
My card is expiring so how fast can I get a new one and how much will it be?,card_about_to_expire,carte
"I need a new card, my old card is expiring.",card_about_to_expire,carte
How do I replace my card before it expires?,card_about_to_expire,carte
"If I order a new card, how much will it be and how long will it take me to get it?",card_about_to_expire,carte
How can I get a card sent to China?,card_about_to_expire,carte
What should I do once my card expires?,card_about_to_expire,carte
How do I order a new card if my current one is about to expire?,card_about_to_expire,carte
Do I need to order a new card before it expires?,card_about_to_expire,carte
Does it cost anything to get a new card? Mine's about to expire and I'd also like to know how long it takes to get the new one.,card_about_to_expire,carte
"My bank card has expired, how can I get a new physical card?",card_about_to_expire,carte
how to get a new card in china,card_about_to_expire,carte
"If my card expires next month, will I need to order a new one?",card_about_to_expire,carte
Do I need to re-apply to order a new card when my old one's about to expire?,card_about_to_expire,carte
I need to renew a card that's about to expire,card_about_to_expire,carte
"If my card is going to expire this month, do I need to order a new one?",card_about_to_expire,carte
Can I order a new card?  Mine is about to expire.,card_about_to_expire,carte
Can I keep using my card after it expires?,card_about_to_expire,carte
My card is almost going to expire.,card_about_to_expire,carte
I'm in China and really need a new card.,card_about_to_expire,carte
Does it cost anything and how long would it take to get a card if I need a new one? My card is about to expire.,card_about_to_expire,carte
Will you send me a new card in China?,card_about_to_expire,carte
What do I do about my expired card?,card_about_to_expire,carte
What happens when my card expires?,card_about_to_expire,carte
My card expires soon,card_about_to_expire,carte
My card is almost expired.  How fast will I get a new one and what is the cost?,card_about_to_expire,carte
What is the process to get a new card when your old one expires?,card_about_to_expire,carte
What do I do when I get close to the expiration date of my card?,card_about_to_expire,carte
Can you give me info about what to do when my card expires?,card_about_to_expire,carte
"My card has an expiration date, will you send a new one automatically?",card_about_to_expire,carte
Can I get a new card even though I am in China?,card_about_to_expire,carte
"My card is expiring, how do I get a new one?",card_about_to_expire,carte
Can I use google pay to top up?,apple_pay_or_google_pay,carte
why top up is not working even if I got my American Express in Apple Bay?,apple_pay_or_google_pay,carte
Can I deposit money using Apple Pay?,apple_pay_or_google_pay,carte
I do I top up from my Apple Watch?,apple_pay_or_google_pay,carte
"I need to top up, can I use google pay?",apple_pay_or_google_pay,carte
How do I go about topping up with Google Pay?,apple_pay_or_google_pay,carte
Google play top up help?,apple_pay_or_google_pay,carte
Is top-up possible with Apple Pay?,apple_pay_or_google_pay,carte
What do I do if my Google pay top up isn't working?,apple_pay_or_google_pay,carte
"I got my American Express in Apple Pay, why is top up not working in my country?",apple_pay_or_google_pay,carte
Can I add funds directly from my Apple Watch?,apple_pay_or_google_pay,carte
"I am having a slight problem with my American express in apple play, can you help me fix the problem with top up?",apple_pay_or_google_pay,carte
How do you Top Up on the apple watch?,apple_pay_or_google_pay,carte
"I want to top up from my Apple Watch, can I?",apple_pay_or_google_pay,carte
"My American express works with my apple pay, why is top up not working?",apple_pay_or_google_pay,carte
Can I top up using my apple watch?,apple_pay_or_google_pay,carte
Why is top up not working for my apple pay app,apple_pay_or_google_pay,carte
Can I use Apple Pay to top-up?,apple_pay_or_google_pay,carte
Why doesn't my Google pay top up work?,apple_pay_or_google_pay,carte
How can I set up Google Pay on my device?,apple_pay_or_google_pay,carte
Does Google Pay offer a top up option?,apple_pay_or_google_pay,carte
"I got my American Express in Apple Pay, why is top up not working on my device?",apple_pay_or_google_pay,carte
is apple pay a top up service?,apple_pay_or_google_pay,carte
I want to top up my account. Can I do it with Google Pay?,apple_pay_or_google_pay,carte
My google top-up pay is not going through,apple_pay_or_google_pay,carte
need help with google pay top up,apple_pay_or_google_pay,carte
Are top-ups allowed using Apple Pay?,apple_pay_or_google_pay,carte
Top up is not working even though I have my AMEX in apple pay.,apple_pay_or_google_pay,carte
where do I top up my google pay?,apple_pay_or_google_pay,carte
"Using Google Pay, can I top up?",apple_pay_or_google_pay,carte
Why is top up not working if I use my American express with my apple pay?,apple_pay_or_google_pay,carte
Unable to use my American Express with Apple Pay to top up my account,apple_pay_or_google_pay,carte
I can't use top up on Google Pay.,apple_pay_or_google_pay,carte
"I have received my American express in apple play, looks like top up has an issue, please help?",apple_pay_or_google_pay,carte
Am I able to Top Up with Apply Pay?,apple_pay_or_google_pay,carte
I want to top up with my Apple Watch.,apple_pay_or_google_pay,carte
Could google pay and top up be together?,apple_pay_or_google_pay,carte
I can't get google pay to work right.,apple_pay_or_google_pay,carte
Does google play offer the service to Top up?,apple_pay_or_google_pay,carte
I cannot get my google pay to work.,apple_pay_or_google_pay,carte
Is there a way to top up using my Apple Watch?,apple_pay_or_google_pay,carte
can I top up an apple pay?,apple_pay_or_google_pay,carte
Can you explain why my Google Pay Top isn't working?,apple_pay_or_google_pay,carte
Am I able to do top-ups with Google Pay?,apple_pay_or_google_pay,carte
What are the steps needed to top up with Apple Pay?,apple_pay_or_google_pay,carte
"i received my American Express in Apple pay, is there a reason why top up is not working?",apple_pay_or_google_pay,carte
Will be Apple Watch be able to let me top up?,apple_pay_or_google_pay,carte
What services can I use to top up?,apple_pay_or_google_pay,carte
Can I use my Apple watch to fill my gas tank?,apple_pay_or_google_pay,carte
Why isn't my Google Pay top up working for me? Did I do something wrong?,apple_pay_or_google_pay,carte
"top up google pay, is it possible?",apple_pay_or_google_pay,carte
how do i setup my apple pay,apple_pay_or_google_pay,carte
top up for my american express card is not working,apple_pay_or_google_pay,carte
My Google pay top up isn't working. Help.,apple_pay_or_google_pay,carte
How can I get my Google pay top up to work?,apple_pay_or_google_pay,carte
Google pay top up not working.,apple_pay_or_google_pay,carte
"i have been trying to add money with apple pay but it wont work, why?",apple_pay_or_google_pay,carte
Google Pay isn't working. What is wrong?,apple_pay_or_google_pay,carte
Can I pay for my gas using my Apple watch?,apple_pay_or_google_pay,carte
"Can Google Pay be used for top up, please help?",apple_pay_or_google_pay,carte
How can I top up with Apple Pay?,apple_pay_or_google_pay,carte
How can I prove I am me?,verify_my_identity,compte
I need to verify my identity. How do I do that?,verify_my_identity,compte
How do I verify my identity online,verify_my_identity,compte
How do I prove I am who I am?,verify_my_identity,compte
Show me how to verify my identity?,verify_my_identity,compte
How recent do my documents need to be for verification?,verify_my_identity,compte
What documents do I need to validate my identity?,verify_my_identity,compte
Hi! What documents can I use to verify my identity?,verify_my_identity,compte
what steps do you take to check identity,verify_my_identity,compte
How do I perform identity checks?,verify_my_identity,compte
Can you tell me what I need for identity validation?,verify_my_identity,compte
What documents do I need to get together to verify my identity?,verify_my_identity,compte
What are the steps to verify identity?,verify_my_identity,compte
What are all of the different steps for identity checks?,verify_my_identity,compte
How can I prove who I am?,verify_my_identity,compte
What works for identity verification?,verify_my_identity,compte
What do I need in regards to identification?,verify_my_identity,compte
What forms of ID do you need for identity verification?,verify_my_identity,compte
I'm not sure what I need to verify my identity.,verify_my_identity,compte
Can you tell me what i need for the identity check?,verify_my_identity,compte
What do you require to verify someone's identity?,verify_my_identity,compte
why do I have to show my ID,verify_my_identity,compte
Can I get a full list of instructions for identity checks?,verify_my_identity,compte
Let me know what the steps for the identity checks are,verify_my_identity,compte
can i verify my identity i the app,verify_my_identity,compte
What has to be done to verify my identity?,verify_my_identity,compte
"If I'm getting my identity verified, what all do I need?",verify_my_identity,compte
Explain how to verify my identity?,verify_my_identity,compte
What forms of ID work for verification?,verify_my_identity,compte
What are the steps of verifying an identity?,verify_my_identity,compte
What documentation is needed for the identity check?,verify_my_identity,compte
Which documents do I need for this identity check?,verify_my_identity,compte
What can I use to verify my identity?,verify_my_identity,compte
"For the identity check, do I need any kind of documentation?",verify_my_identity,compte
What documents do you need to verify my identity?,verify_my_identity,compte
How can you assist on verifying my identity?,verify_my_identity,compte
How do I go about verifying my identity?,verify_my_identity,compte
What forms of ID should I use for verification?,verify_my_identity,compte
What are the steps for the identity checks?,verify_my_identity,compte
How do I complete the ID check?,verify_my_identity,compte
What is necessary for the identity verification?,verify_my_identity,compte
what documents do i need to verify who i am,verify_my_identity,compte
Which countries are you available in?,country_support,paiement
Where are you cards supported?,country_support,paiement
How do I get a card if I live in the US?,country_support,paiement
Please list the countries you support.,country_support,paiement
Are these cards available in europe?,country_support,paiement
Do you have to be in the UK to get a card?,country_support,paiement
Can I get a card even though I live in the US,country_support,paiement
Which countries do you operate in,country_support,paiement
From what countries can I use an account?,country_support,paiement
Can the card be mailed to Europe?,country_support,paiement
Who gets support?,country_support,paiement
I live in the EU - can I get a card?,country_support,paiement
How does a US resident go about acquiring a new card?,country_support,paiement
Can you tell me the countries you operate in?,country_support,paiement
May I get one of your cards?  I live in the EU.,country_support,paiement
Where are you present globally?,country_support,paiement
What are the countries that you operate in?,country_support,paiement
Is it possible to get one of your cards in the European Union?,country_support,paiement
Are you located in other countries?,country_support,paiement
What countries are you available in?,country_support,paiement
Is it possible for a person who lives in the US to get a card?,country_support,paiement
Are your cards supported in the EU?,country_support,paiement
In which countries does your app work,country_support,paiement
Which countries do you work with?,country_support,paiement
I would like to know the countries you are offer services in?,country_support,paiement
Can I get support?,country_support,paiement
Can you tell me what countries you offer support for?,country_support,paiement
Can I use it outside of Europe?,country_support,paiement
Can I apply for one of your cards if I live in the EU?,country_support,paiement
can i get a card if i live in the US?,country_support,paiement
Are cards available to those outside of the UK?,country_support,paiement
Do you do business in the EU?,country_support,paiement
Is it possible to get a card outside the UK?,country_support,paiement
What are the countries you have offices in?,country_support,paiement
Is it possible to get a card when i'm not in the UK?,country_support,paiement
can I use it in any country?,country_support,paiement
What countries are you issuing cards for?,country_support,paiement
Do you offer cards for those in other countries?,country_support,paiement
"I have my residency in the US, but I would love to get a card.",country_support,paiement
are there any country restrictions?,country_support,paiement
How do I find out what countries you service and what countries you do not?,country_support,paiement
what countries can i use my card in,country_support,paiement
What countries can I use your services?,country_support,paiement
Can I get a card that works in other countries like Africa and Indonesia?,country_support,paiement
Are you only able to get a card if you're in the UK?,country_support,paiement
Please tell me how to get a card if I reside in the US.,country_support,paiement
Do you issue cards for someone living in the US?,country_support,paiement
"I'm not in the UK, but can I still get a card?",country_support,paiement
In which countries can I get a card?,country_support,paiement
Can I have a card even if I am not living in the UK?,country_support,paiement
You operate in which countries?,country_support,paiement
Can an American resident apply to get a card?,country_support,paiement
What countries can I use the card in?,country_support,paiement
What are the countries you support.,country_support,paiement
Is it possible to get one the your cards in the EU?,country_support,paiement
Is this card available to United States Residents?,country_support,paiement
can I use it all over the world?,country_support,paiement
I live in the US and I would like to get a card. How do I go about getting one?,country_support,paiement
What countries are you supporting?,country_support,paiement
Are cards available in the EU?,country_support,paiement
Which countries are represented?,country_support,paiement
